Object Name,RA,DEC,Type,Velocity,Redshift,Redshift Flag,Magnitude and Filter,Separation,References,Notes,Photometry Points,Positions,Redshift Points,Diameter Points,Associations
LBQS 2359-0216B,0.45833,-1.99454,QSO,844515.00,2.817,,18.71,,93,0,14,10,7,0,0
UM 018,1.33423,5.403,QSO,565708.00,1.887,,16.21,,173,5,96,15,7,0,0
LBQS 0006+0200,2.38077,2.28508,QSO,704003.00,2.3483,,17.87,,22,1,5,6,4,0,0
LBQS 0013-0029,4.01001,-0.20696,QSO,626657.00,2.090302,,17.7i,,158,4,25,20,29,5,0
"[HB89] 0014+813",4.28531,81.58559,QSO,1009102.00,3.366,,16.5,,274,2,51,22,13,0,1
LBQS 0018-0220,5.36399,-2.05934,QSO,778261.00,2.596,,17.44,,32,0,26,11,6,0,0
WISEA J002208.03-150539.7,5.53332,-15.09438,QSO,1357460.00,4.528,,19.0,,56,1,16,7,5,0,0
WISEA J002830.47-281705.2,7.12667,-28.285,QSO,719802.00,2.401,,15.9H,,17,0,23,7,2,0,0
LBQS 0027+0149,7.46724,2.10157,QSO,697917.00,2.328,,17.71,,54,0,27,12,7,0,0
SDSS J003501.88-091817.6,8.75785,-9.30491,QSO,726291.00,2.422646,,19.1g,,47,0,29,10,16,8,0
WISEA J004054.63-091526.8,10.22772,-9.25744,QSO,1492036.00,4.976896,,24.5g,,60,0,56,16,24,8,0
LBQS 0041-2707,10.96597,-26.85763,QSO,835222.00,2.786,,17.95,,42,0,22,10,7,0,0
LBQS 0041-2607,10.99494,-25.8541,QSO,749781.00,2.501,,17.15,,40,0,23,9,5,0,0
LBQS 0042-2627,11.14151,-26.1891,QSO,986018.00,3.289,,18.47,,47,0,13,8,6,0,0
WISEA J004448.33+372114.5,11.20125,37.35389,QSO,722500.00,2.41,,17.6,,12,0,25,8,2,0,0
WISEA J004530.48-261709.0,11.37701,-26.28606,QSO,1031286.00,3.44,:,18.34,,21,0,12,6,4,0,0
LBQS 0049+0045,13.01,1.02481,QSO,682834.00,2.277689,,17.6g,,96,0,60,24,30,8,0
UM 288,13.1405,1.67793,QSO,685026.00,2.285,,17.,,51,0,21,10,5,0,0
WISEA J005700.21+143737.8,14.25082,14.62716,QSO,794003.00,2.648508,,17.9g,,34,0,53,15,17,8,0
WISEA J005814.32+011530.1,14.55966,1.25841,QSO,751795.00,2.507718,,17.9g,,51,1,47,22,28,8,0
LBQS 0058+0155,15.22565,2.19348,QSO,585795.00,1.954,,17.19,,156,2,9,8,5,0,0
"[HB89] 0100+130",15.79708,13.27166,QSO,803744.00,2.681,,16.57,,269,1,40,16,11,0,0
LBQS 0105-2649,16.92472,-26.55824,QSO,738389.00,2.463,,17.68,,17,0,5,6,4,0,0
WISEA J010806.42+163549.9,17.02667,16.59722,QSO,791452.00,2.64,,16.9,,39,0,18,8,5,0,0
2MASS J01092523-2102550,17.35471,-21.04833,G,,,,,,4,0,5,5,3,0,0
WISEA J011150.06+140141.4,17.95863,14.02816,QSO,740487.00,2.47,,17.5g,,14,0,26,9,7,4,0
WISE J012156.04+144823.9,20.48342,14.80668,QSO,863817.00,2.881383,,17.2g,,57,0,45,19,22,8,0
"[HB89] 0119-046",20.61633,-4.35763,QSO,577101.00,1.925,,16.1R,,171,2,47,18,4,0,0
TOLOLO 0130-403,23.25818,-40.10779,QSO,906273.00,3.023,,17.02,,78,1,24,9,7,0,0
WISEA J013340.28+040059.5,23.418,4.01662,QSO,1245338.00,4.154,,18.0,,55,1,14,18,14,0,0
WISEA J013421.47+330756.2,23.58958,33.13227,QSO,1358660.00,4.532,,18.8,,36,1,16,6,4,0,0
FBQS J0135-0213,23.81342,-2.23028,QSO,545622.00,1.82,,17.71,,13,0,22,6,2,0,0
"[HB89] 0142-100",26.31921,-9.75481,QSO,820769.00,2.737791,,16.9g,,171,2,52,19,24,8,0
WISEA J014944.43+150106.6,27.43516,15.01853,QSO,621555.00,2.073285,,17.5g,,37,0,56,15,20,8,0
UM 675,28.11383,-20.01864,QSO,641256.00,2.139,,17.1,,67,2,28,12,5,0,0
"[HB89] 0149+335",28.14407,33.84254,QSO,728796.00,2.431,,18.5,,113,2,23,12,6,0,1
WISEA J015741.56-010629.7,29.4232,-1.10824,QSO,1070741.00,3.571607,,19.2g,,50,0,50,18,27,8,0
PKS 0201+113,30.9444,11.57928,QSO,1090945.00,3.639,,20.0,,149,4,53,17,12,0,0
"[HB89] 0201+365",31.23165,36.82167,QSO,872996.00,2.912,,17.5,,115,0,30,17,9,0,0
WISEA J020944.62+051713.8,32.43588,5.28712,QSO,1251334.00,4.174,,17.8,,48,1,21,15,11,0,0
UM 402,32.46129,-0.08512,QSO,858891.00,2.864951,,17.1g,,128,0,52,28,36,8,0
WISEA J021129.16+124110.8,32.87154,12.68633,QSO,888225.00,2.962798,,19.0g,,43,1,48,13,19,8,0
"[HB89] 0216+080",34.7389,8.29104,QSO,896679.00,2.991,,18.1,,83,3,18,10,6,0,0
WISEA J022554.85+005451.8,36.47855,0.91442,QSO,893419.00,2.980123,,19.1g,,48,0,51,40,48,8,0
WISEA J022839.10-101110.5,37.1633,-10.18639,QSO,676332.00,2.256,,15.1R,,44,1,27,7,1,0,0
"[HB89] 0226-038",37.22171,-3.62698,G,616074.00,2.055,,18.4b,,159,0,51,25,8,0,1
"[HB89] 0229+131",37.94123,13.38187,QSO,617273.00,2.059,,17.71,,257,5,81,26,12,0,0
WISEA J023359.71+004938.4,38.49884,0.82738,QSO,759160.00,2.532286,,17.9g,,53,0,56,21,30,8,0
"[HB89] 0235+164",39.66221,16.61647,QSO,281805.00,0.94,,18.0V,,928,19,247,51,30,0,0
WISEA J023924.48-090138.7,39.85201,-9.0274,QSO,743917.00,2.48144,,17.9g,,34,0,58,14,18,8,0
"[HB89] 0237-233",40.03406,-23.15437,QSO,666439.00,2.223,,16.63,,423,8,106,28,10,0,0
WISEA J024401.84-013403.9,41.00765,-1.56776,QSO,1215059.00,4.053,,18.2,,40,1,22,11,7,0,0
WISE J024854.30+180250.0,42.22625,18.04722,QSO,1325682.00,4.422,,18.4,,41,2,22,9,5,0,0
WISEA J025127.73+341441.9,42.86562,34.24491,QSO,668537.00,2.23,,17.7,,13,0,22,7,2,0,0
LBQS 0252+0136,43.8135,1.80789,QSO,738989.00,2.465,,18.2B,,40,0,27,9,5,0,0
WISEA J025518.59+004847.4,43.82741,0.81318,QSO,1203703.00,4.01512,,20.7g,,77,0,50,22,33,8,0
FBQS J0256-0119,44.1065,-1.32003,QSO,746783.00,2.491,,18.2,,21,1,23,8,2,0,0
LBQS 0254+0000,44.18621,0.21278,QSO,676952.00,2.258069,,17.8g,,74,0,41,22,27,5,0
LBQS 0256-0000,44.77349,0.18943,QSO,1011569.00,3.374229,,18.3g,,125,1,59,25,31,8,0
LBQS 0258+0210,45.19178,2.37918,QSO,756676.00,2.524,,18.0B,,28,0,20,7,5,0,0
LBQS 0301-0035,45.92103,-0.38942,QSO,969890.00,3.235203,,18.0g,,103,0,60,24,30,8,0
LBQS 0302-0019,46.20774,-0.13708,QSO,988471.00,3.297184,,17.8g,,175,2,73,26,30,8,0
"[HB89] 0302-223",46.20775,-22.19775,QSO,422408.00,1.409,,16.0,,103,6,37,10,5,0,0
LBQS 0307-0058,47.51256,-0.77937,QSO,634141.00,2.115268,,17.9g,,51,0,65,25,33,8,0
KODIAQ J032412-320259,51.05163,-32.05026,QSO,989915.00,3.302,,17.9V,,5,0,0,2,1,0,0
PKS 0336-017,54.75413,-1.55489,QSO,958437.00,3.197,,19.1,,104,0,33,21,10,0,0
"[HB89] 0347-383",57.43201,-38.17537,QSO,974925.00,3.252,,17.3,,128,1,21,7,5,0,0
"[HB89] 0348+061",57.81888,6.32061,QSO,615174.00,2.052,,17.6,,45,0,18,4,1,0,0
WISEA J040241.43-064137.9,60.6726,-6.69389,QSO,730325.00,2.436101,,18.0g,,35,0,54,12,17,8,0
"[HB89] 0421+019",66.03567,2.0736,QSO,612776.00,2.044,,17.04,,152,1,44,16,4,0,0
"[HB89] 0424-131",66.78042,-13.04806,QSO,647252.00,2.159,,17.5,,146,3,22,11,7,0,0
KODIAQ J043038-133546,67.66154,-13.59619,QSO,959336.00,3.2,,17.0,,11,0,0,3,2,0,0
KODIAQ J045142-132033,72.92738,-13.34246,QSO,929357.00,3.1,,17.0,,15,0,0,4,3,0,0
KODIAQ J045213-164012,73.0566,-16.67004,QSO,779460.00,2.6,,17.0,,35,0,14,11,9,0,0
2MASS J04531356-1305551,73.30617,-13.09884,QSO,689523.00,2.3,,16.5,,33,0,7,9,6,0,0
"[HB89] 0454-220",74.03717,-21.98594,QSO,159933.00,0.53348,,16.1,,178,2,49,22,11,0,0
"[HB89] 0458-020",75.30337,-1.98729,QSO,685326.00,2.286,,18.1V,,422,5,112,39,20,0,0
"[HB89] 0528-250",82.53318,-25.05831,QSO,832914.00,2.7783,,17.24,,306,8,46,26,12,0,0
"[HB89] 0551-366",88.19246,-36.62458,QSO,694619.00,2.317,,17.57,,70,1,18,8,4,0,0
"[HB89] 0636+680",100.51774,67.97656,QSO,953340.00,3.18,,16.46,,176,3,72,15,8,0,1
"[HB89] 0642+449",101.63344,44.85461,QSO,1018095.00,3.396,,18.49,,315,5,133,25,15,0,1
WISEA J073149.50+285448.8,112.95631,28.91355,QSO,1100647.00,3.671364,,19.8g,,42,0,47,13,19,8,0
FBQS J074110.6+311200,115.2946,31.20006,QSO,189455.00,0.631955,,16.7g,,399,8,160,36,29,8,3
WISE J074521.70+473436.0,116.34078,47.57673,QSO,965581.00,3.220832,,16.7g,,89,0,52,22,23,8,0
WISEA J074711.14+273903.3,116.79647,27.65093,QSO,1250135.00,4.17,,19.9g,,59,0,27,21,18,4,0
WISEA J074749.74+443417.1,116.95729,44.57142,QSO,1328800.00,4.4324,,22.3g,,60,1,46,18,22,8,0
FBQS J074927.9+415242,117.36628,41.87844,QSO,933286.00,3.113106,,17.8g,,50,0,49,16,20,8,0
WISE J075054.64+425219.2,117.72772,42.87194,QSO,572400.00,1.90932,,16.2g,,59,0,67,20,23,8,0
WISE J080117.80+521034.6,120.32414,52.17628,QSO,967085.00,3.225847,,17.3g,,54,0,49,21,23,8,0
WISEA J080342.03+302254.7,120.92526,30.38182,QSO,608834.00,2.030851,,16.5g,,47,0,61,16,16,8,0
3C 191,121.19988,10.25658,QSO,586394.00,1.956,,18.4,,257,8,96,23,14,4,0
WISE J080518.15+614424.0,121.32575,61.73992,QSO,909271.00,3.033,,19.6R,,94,1,44,21,16,0,1
FBQS J081240.6+320808,123.1695,32.1357,QSO,810388.00,2.703164,,17.9g,,82,0,50,22,21,8,0
3C 196,123.40014,48.21738,QSO,261119.00,0.871,,17.79,,390,9,92,19,7,0,3
WISEA J081435.19+502946.3,123.64657,50.49624,QSO,1164598.00,3.88468,,19.6g,,55,0,42,21,28,8,0
WISEA J081740.51+135134.7,124.41886,13.85961,QSO,1312726.00,4.378783,,21.9g,,29,0,22,13,18,4,0
WISEA J082107.61+310751.1,125.28172,31.13087,QSO,783470.00,2.613373,,17.3g,,79,1,67,25,23,8,0
WISEA J082540.12+354414.2,126.4172,35.7373,QSO,1152975.00,3.84591,,20.1g,,42,0,42,12,18,8,0
WISEA J082619.71+314848.0,126.58212,31.81334,QSO,928632.00,3.097584,,18.1g,,51,0,51,20,24,6,0
WISEA J082849.15+085854.8,127.20484,8.98191,QSO,680829.00,2.271,,18.4g,,21,0,25,10,11,4,0
FBQS J083052.0+241059,127.71703,24.18328,QSO,282225.00,0.9414,,17.4g,,414,8,144,59,40,8,1
SDSS J083102.55+335803.1,127.76067,33.96756,QSO,728502.00,2.43002,,18.9g,,48,0,30,16,21,8,0
IRAS F08279+5255,127.92371,52.75487,QSO,1172848.00,3.9122,,15.2,,185,1,83,5,1,0,0
WISEA J083712.89+145917.4,129.30373,14.98817,QSO,755305.00,2.519427,,17.8g,,34,0,33,17,18,4,0
"[HB89] 0836+113",129.88756,11.20106,QSO,808241.00,2.696,,18.8,,65,1,1,6,3,0,0
FBQS J0840+3633,130.18508,36.55774,QSO,367246.00,1.225,,17.3g,,63,2,62,18,19,6,1
2MASS J08442426+1245464,131.10108,12.76289,QSO,747503.00,2.4934,,18.0,,76,3,12,8,5,0,2
"[HB89] 0843+136",131.44664,13.48284,QSO,563505.00,1.87965,,17.8g,,106,0,57,22,22,4,1
"[HB89] 0848+163",132.92403,16.20611,QSO,577687.00,1.926957,,17.4g,,82,2,35,15,17,3,0
FBQS J090033.4+421546,135.13969,42.26314,QSO,987593.00,3.294256,,17.2g,,72,0,49,22,25,6,0
WISEA J092708.88+582319.4,141.78701,58.38872,QSO,574107.00,1.915013,,18.7g,,45,0,49,16,23,8,0
WISEA J092759.79+154321.8,141.99912,15.72272,QSO,541155.00,1.8051,,19.2g,,24,1,23,14,13,4,0
WISEA J092914.49+282529.2,142.31039,28.42476,QSO,1021172.00,3.406262,,18.4g,,41,0,45,14,16,4,0
FBQS J0933+2845,143.40541,28.75896,QSO,1025710.00,3.4214,,17.5,,65,1,40,14,6,4,0
WISEA J093643.51+292713.6,144.18131,29.45379,QSO,877598.00,2.927351,,18.1g,,39,0,51,16,20,8,1
"[HB89] 0933+733",144.45333,73.03278,QSO,757875.00,2.528,,17.,,58,2,25,6,3,0,0
PG 0935+416,144.73758,41.47255,QSO,586699.00,1.957016,,16.5g,,74,2,53,17,18,8,0
WISE J094202.00+042244.0,145.50852,4.37902,QSO,984534.00,3.28405,,17.4g,,57,0,45,26,28,8,0
FBQS J0951+2635,147.84404,26.58724,QSO,373550.00,1.24603,,17.5g,,76,1,11,7,8,0,0
SBS 0949+527,148.28771,52.50826,QSO,566596.00,1.88996,,17.8g,,48,1,51,17,20,8,0
WISEA J095355.72-050419.0,148.48205,-5.07181,QSO,1309793.00,4.369,,19.1,,48,1,12,7,6,0,0
BRI 0952-0115,148.75039,-1.50181,QSO,1329160.00,4.4336,,18.7,,94,5,7,11,10,0,0
SBS 0953+549,149.31113,54.67154,QSO,776302.00,2.589463,,17.4g,,72,3,48,12,16,8,1
3C 232,149.58729,32.40061,QSO,159070.00,0.5306,,16.1g,,373,10,105,32,22,8,0
WISEA J095822.18+014524.1,149.59244,1.75675,QSO,587953.00,1.9612,,17.8g,,85,1,88,34,40,8,0
"[HB89] 0956+122",149.71749,12.04585,QSO,991951.00,3.308791,,17.8g,,98,0,44,15,18,8,0
WISEA J100110.19+552834.6,150.29241,55.4763,*,610078.00,2.035,PHOT,17.6g,,10,0,25,7,3,4,0
"[HB89] 0957+561",150.33624,55.89879,QSO,423937.00,1.4141,,16.7,,346,5,22,8,6,0,0
"[HB89] 0957+558 NED03",150.52235,55.71609,QSO,345300.00,1.151797,,18.5g,,62,2,65,14,17,8,0
FBQS J100841.2+362319,152.17186,36.38868,QSO,938068.00,3.129056,,18.1g,,52,0,48,17,19,8,1
WISEA J101155.59+294141.6,152.98166,29.69489,QSO,785456.00,2.62,,16.1g,,57,1,23,12,9,4,0
WISEA J101336.39+561536.4,153.40157,56.26012,QSO,1094440.00,3.65066,,19.7g,,51,1,47,17,21,8,0
WISE J101447.18+430030.1,153.6966,43.00841,QSO,936998.00,3.12549,,16.9g,,70,0,45,26,26,8,1
WISEA J101549.00+002020.1,153.95419,0.33889,QSO,1319893.00,4.40269,,21.8g,,70,1,44,15,22,8,0
LBQS 1013-0020,153.98465,-0.58474,QSO,750680.00,2.504,,18.59,,30,0,26,9,7,4,0
WISEA J101723.97-204658.5,154.34993,-20.78295,QSO,762972.00,2.545,,17.08,,42,2,26,8,3,0,0
WISEA J101939.16+524627.8,154.91315,52.77441,QSO,651490.00,2.173137,,18.1g,,45,0,44,15,20,8,0
"[HB89] 1017+109",155.04164,10.66744,QSO,945953.00,3.15536,,18.2g,,91,0,55,16,17,8,0
FBQS J1021+3001,155.48568,30.02791,QSO,937841.00,3.128301,,18.0g,,49,0,27,13,15,4,0
WISEA J102325.29+514251.0,155.85549,51.71418,QSO,1033424.00,3.44713,,18.5g,,37,0,44,14,21,8,0
WISEA J102410.43+060013.5,156.04353,6.00382,QSO,639328.00,2.132569,,18.7g,,41,0,42,14,18,8,0
WISEA J103456.30+035859.4,158.73464,3.98317,QSO,1015813.00,3.388386,,18.5g,,42,0,48,18,21,8,0
WISEA J103514.21+544040.1,158.80927,54.67781,QSO,898298.00,2.996399,,18.5g,,41,0,38,14,19,8,0
WISEA J104018.51+572448.0,160.07717,57.41338,QSO,1023063.00,3.412572,,19.0g,,49,0,72,16,21,8,1
"[HB89] 1038+064",160.32151,6.17137,QSO,380736.00,1.27,,16.81,,269,4,89,33,16,4,0
WISEA J104213.52+062853.0,160.55636,6.4814,QSO,609100.00,2.031739,,19.0g,,39,2,42,11,16,8,0
FBQS J104459.5+365605,161.2483,36.93483,QSO,210155.00,0.701003,,17.2g,,56,0,51,22,18,8,0
WISEA J105123.04+354534.5,162.84599,35.75953,QSO,1472680.00,4.91233,,18.4i,,46,0,39,19,23,8,0
FBQS J105427.1+253600,163.61325,25.60024,QSO,723453.00,2.413178,,18.5g,,30,0,24,10,12,4,1
WISEA J105648.69+120826.7,164.20289,12.14078,QSO,580166.00,1.935224,,18.2g,,34,1,44,15,17,8,0
WISE J105756.26+455553.0,164.48452,45.93141,QSO,1240287.00,4.13715,,19.6g,,96,3,51,16,20,8,0
WISEA J110045.22+112239.1,165.18848,11.37754,QSO,1411054.00,4.70677,,23.0g,,37,0,37,15,21,8,0
WISE J110610.70+640009.0,166.5447,64.00263,QSO,660252.00,2.202364,,16.1g,,66,2,33,18,23,8,1
WISEA J110621.45+104432.3,166.58931,10.74239,QSO,558378.00,1.862547,,19.0g,,32,0,41,14,17,8,0
WISE J111038.50+483116.0,167.66101,48.52103,QSO,891620.00,2.974123,,16.9g,,89,3,60,16,22,8,1
WISEA J111113.77-080402.1,167.80682,-8.06735,QSO,1175786.00,3.922,,18.1,,54,2,12,12,10,0,0
WISEA J111906.71+211850.2,169.77798,21.31401,QSO,354655.00,1.183,,20.0,,19,0,21,10,8,4,0
WISE J112442.80-170518.0,171.17833,-17.08806,QSO,718671.00,2.397228,,17.8b,,100,4,26,12,8,0,1
WISEA J113130.37+604421.0,172.87672,60.7391,QSO,871165.00,2.905892,,18.2g,,47,0,44,15,19,8,0
WISEA J113418.93+574204.5,173.57902,57.7013,QSO,1055773.00,3.52168,,19.1g,,35,0,38,12,19,8,0
WISEA J113508.09+222715.5,173.78372,22.45434,QSO,863402.00,2.88,,17.8g,,43,0,22,12,10,4,0
WISE J114308.88+345222.3,175.78702,34.87286,QSO,949261.00,3.166392,,17.3g,,43,0,50,16,17,8,0
WISEA J115538.60+053050.6,178.91086,5.51406,QSO,1042005.00,3.475755,,19.1g,,58,0,44,19,24,8,0
WISEA J115940.80-003203.4,179.91996,-0.53433,QSO,611198.00,2.038736,,18.3g,,40,0,47,13,21,8,0
"[HB89] 1157+014",179.93681,1.20198,QSO,596752.00,1.99055,,17.6g,,198,1,64,37,31,6,0
WISE J120006.25+312630.8,180.02606,31.44191,QSO,897775.00,2.994653,,16.6g,,59,1,45,18,22,8,0
"[HB89] 1159+123",180.44963,12.10841,QSO,1055242.00,3.519909,,18.3g,,89,1,44,16,20,8,0
WISEA J120207.78+323538.6,180.53243,32.59412,QSO,1586622.00,5.2924,,19.2i,,39,0,47,18,20,8,0
WISEA J120248.08+120713.7,180.70038,12.12054,QSO,191253.00,0.637951,,18.9g,,25,0,41,9,12,8,1
WISEA J120416.68+022111.0,181.06954,2.35305,QSO,759787.00,2.534377,,19.1g,,49,0,38,18,24,8,0
"[HB89] 1206+119",182.32474,11.64176,QSO,935256.00,3.119678,,17.7g,,70,0,44,12,16,8,0
WISEA J121117.59+042222.4,182.82332,4.37287,QSO,763963.00,2.548305,,18.1g,,54,0,42,20,24,8,0
"[HB89] 1209+093",182.89564,9.03915,QSO,986828.00,3.291703,,19.1g,,96,1,38,14,20,8,0
LBQS 1210+1731,183.26259,17.23981,QSO,762372.00,2.543,,17.7g,,75,0,26,15,13,4,0
SBS 1217+499,184.87824,49.6812,QSO,807279.00,2.692791,,17.1g,,57,0,56,20,20,8,1
"[HB89] 1219+047",185.4081,4.50726,G,28180.00,0.094,,16.8,,53,2,55,15,6,6,0
WISEA J122518.68+483116.3,186.32769,48.52113,QSO,928154.00,3.095987,,18.2g,,34,0,49,13,16,8,0
LBQS 1223+1753,186.52999,17.61386,QSO,880191.00,2.936,,18.4g,,100,1,24,15,14,4,0
FBQS J122824.9+312837,187.10402,31.47712,QSO,665240.00,2.219,,15.87,,229,5,44,21,10,4,2
LBQS 1229-0207,188.00005,-2.40146,QSO,313301.00,1.045059,,17.2g,,350,9,92,37,30,8,1
WISEA J123643.11-020420.8,189.17968,-2.07249,QSO,560129.00,1.86839,,18.9g,,38,0,41,11,20,8,0
WISEA J123748.98+012606.9,189.45413,1.43527,QSO,942704.00,3.14452,,19.2g,,45,0,44,15,21,8,0
KODIAQ J124610+303117,191.54558,30.52532,QSO,767469.00,2.56,,17,,21,0,0,5,4,0,4
"[HB89] 1246-057",192.30774,-5.98863,QSO,673634.00,2.247,,16.73,,147,4,35,14,8,0,1
LBQS 1246-0217,192.35361,-2.56105,QSO,635789.00,2.120762,,18.0g,,68,0,44,21,24,8,0
PG 1247+267,192.52385,26.51876,QSO,610977.00,2.038,,14.6R,,176,4,58,15,14,4,0
WISEA J130411.98+295348.8,196.04998,29.89691,QSO,854409.00,2.85,,18.05,,23,0,40,8,3,4,0
WISEA J130426.16+120245.5,196.10896,12.046,QSO,894793.00,2.984708,,18.3g,,42,0,48,15,18,8,0
WISEA J130542.76+092427.7,196.42821,9.40772,QSO,614988.00,2.051378,,19.2g,,23,0,22,11,16,4,0
"[HB89] 1303+308",196.47802,30.54786,QSO,530633.00,1.77,?,17.85,,75,1,27,5,2,4,0
SBS 1307+462,197.54841,46.02349,QSO,642247.00,2.142306,,16.6g,,49,2,48,13,14,8,0
WISEA J131040.22+542449.7,197.66767,54.41378,QSO,578378.00,1.929261,,18.9g,,43,0,38,14,19,8,0
WISEA J131215.22+423900.9,198.06362,42.65024,QSO,771277.00,2.572703,,18.5g,,61,2,67,18,18,8,0
WISEA J131341.18+144140.6,198.42166,14.69461,QSO,568705.00,1.896995,,18.3g,,32,1,38,14,18,8,0
WISEA J131855.74+531207.2,199.73231,53.20202,QSO,698892.00,2.331251,,18.3g,,36,0,50,12,15,8,0
3C 286,202.78453,30.50915,QSO,254804.00,0.849934,,17.3g,,779,15,212,40,25,8,0
WISEA J133532.65+082404.3,203.88605,8.40118,QSO,572604.00,1.91,,19.1g,,24,0,21,12,13,4,0
"[HB89] 1337+113",205.0106,11.10839,QSO,877258.00,2.926218,,19.0g,,101,1,42,12,17,6,0
WISEA J134004.94+281653.2,205.02064,28.28146,QSO,754578.00,2.517,,17.1,,19,0,23,4,3,4,0
SBS 1341+576,205.86971,57.36313,QSO,911038.00,3.038894,,17.9g,,53,0,52,14,18,8,0
"[HB89] 1343+266 NED02",206.43466,26.41816,QSO,608579.00,2.03,,20.18,,31,0,18,4,3,4,0
WISEA J134916.65-033715.5,207.31967,-3.62085,QSO,1196772.00,3.992,,18.8,,35,1,12,5,3,0,0
WISE J135038.90-251216.0,207.66167,-25.20444,QSO,759674.00,2.534,,16.83,,60,0,23,10,6,0,0
WISEA J135317.10+532825.4,208.32129,53.47375,QSO,873005.00,2.912032,,18.3g,,42,0,40,15,18,8,0
"[HB89] 1351+318",208.52248,31.65066,QSO,397525.00,1.326,,17.4,,80,1,17,18,13,4,1
WISEA J140501.95+444759.7,211.25807,44.79996,QSO,664015.00,2.214914,,18.2g,,34,0,43,15,17,8,0
WISEA J141719.24+413237.1,214.33013,41.54362,QSO,602589.00,2.01002,,18.7g,,39,1,38,13,18,8,0
SBS 1417+596,214.77634,59.38676,QSO,698336.00,2.329397,,17.8g,,44,0,45,12,15,8,0
KODIAQ J142438+225600,216.15872,22.9335,QSO,1085249.00,3.62,,16.5,,274,8,57,12,9,0,1
SBS 1425+606,216.73407,60.4308,QSO,958484.00,3.197157,,16.5g,,117,4,52,17,20,8,1
WISEA J143316.13+313126.3,218.31717,31.52394,QSO,881390.00,2.94,,17.7,,16,0,23,10,6,4,0
SBS 1433+542,218.75225,53.99826,QSO,791069.00,2.638723,,17.1g,,53,0,47,17,17,8,0
WISEA J143912.33+295448.0,219.80144,29.91336,QSO,900483.00,3.003687,,17.7g,,38,0,33,14,17,4,0
WISEA J143915.40-015623.6,219.81415,-1.93993,QSO,648391.00,2.1628,,18.9g,,40,0,42,15,19,8,0
WISEA J144331.18+272436.9,220.87988,27.4102,QSO,1325083.00,4.42,,19.3,,70,2,23,15,16,4,0
WISE J144453.70+291905.0,221.22309,29.31827,QSO,790853.00,2.638,,16.4g,,63,1,28,10,7,4,4
"[HB89] 1442+101",221.3186,9.97669,QSO,1064965.00,3.552339,,18.6g,,313,5,106,29,23,4,1
WISEA J145408.96+511443.7,223.53732,51.24549,QSO,1093562.00,3.647729,,18.6g,,41,0,44,15,20,8,0
WISEA J145435.18+094100.0,223.6466,9.68336,QSO,583396.00,1.946,,18.8g,,27,0,26,13,14,4,0
WISEA J150932.11+111313.6,227.38383,11.22047,QSO,633999.00,2.114792,,19.3g,,29,0,30,14,19,4,0
WISEA J151224.18+465233.4,228.10075,46.87597,QSO,1007216.00,3.35971,,19.3g,,35,0,38,11,17,8,0
SBS 1520+530,230.43679,52.9135,QSO,556115.00,1.855,,17.67,,75,0,7,3,2,0,0
WISE J152156.48+520238.6,230.48534,52.04403,QSO,648979.00,2.164762,,15.4i,,50,0,34,15,16,4,0
WISEA J154153.46+315329.4,235.47279,31.89151,QSO,764841.00,2.551236,,17.8g,,47,0,44,20,20,8,0
WISE J155152.46+191104.1,237.9686,19.18447,QSO,848413.00,2.83,,17.0B,,38,0,33,15,9,4,0
WISEA J155556.90+480014.9,238.98707,48.00422,QSO,991148.00,3.306113,,20.0g,,42,1,42,15,21,8,0
2MASSi J1556106+374039,239.04466,37.67574,QSO,796848.00,2.658,,18.19,,10,0,4,4,2,0,0
WISEA J155810.15-003120.0,239.54233,-0.52223,QSO,852029.00,2.842061,,17.8g,,48,0,51,12,15,6,0
WISEA J155814.50+405336.9,239.56046,40.89363,QSO,790818.00,2.637883,,18.7g,,43,0,42,11,16,8,0
"[HB89] 1556+335",239.72994,33.3885,QSO,495700.00,1.653476,,17.7g,,102,0,70,18,13,8,1
"[HB89] 1602+576",240.98305,57.51511,QSO,854409.00,2.85,,18.3,,80,2,48,16,7,0,1
WISEA J160413.98+395121.8,241.05822,39.85611,QSO,946711.00,3.157887,,19.0g,,49,0,48,15,20,8,0
WISE J160455.40+381201.6,241.23083,38.20046,QSO,752479.00,2.51,,15.9,,40,0,31,16,12,4,0
SDSS J1605+5113 FG,241.44833,51.22507,QSO,534785.00,1.783849,,19.4g,,38,0,35,16,23,8,0
WISE J160843.90+071508.0,242.18294,7.25241,QSO,866446.00,2.890151,,16.9g,,40,0,48,20,21,6,0
WISEA J161009.42+472444.4,242.53928,47.41236,QSO,965341.00,3.220032,,19.3g,,47,0,42,14,18,8,0
WISEA J162453.47+375806.7,246.2228,37.96851,QSO,1013719.00,3.381403,,19.2g,,49,1,56,16,17,8,0
"[HB89] 1623+268 NED01",246.45036,26.74238,QSO,746483.00,2.49,,18.,,73,0,30,9,7,3,0
"[HB89] 1623+268 NED02",246.45333,26.78299,QSO,758924.00,2.531497,,17.4g,,124,3,69,22,22,6,0
"[HB89] 1623+268 NED03",246.48911,26.74673,QSO,780763.00,2.604345,,19.2g,,72,0,38,17,20,8,0
WISE J162645.60+642655.0,246.69,64.44861,QSO,695519.00,2.32,,15.8,,23,0,21,6,3,0,0
WISEA J162902.98+091322.4,247.26243,9.22293,QSO,595388.00,1.986,,18.5g,,23,0,21,11,11,4,0
FBQS J1634+3203,248.55329,32.05984,QSO,705365.00,2.352844,,17.6g,,62,1,60,19,18,6,0
WISE J164656.30+551446.0,251.73458,55.24583,QSO,1210262.00,4.037,,18.1,,27,2,21,8,4,0,0
WISE J170100.60+641208.0,255.25259,64.20253,QSO,821654.00,2.740744,,16.1g,,202,5,66,27,31,8,0
"[HB89] 1700+518",255.35333,51.82222,QSO,87539.00,0.292,,15.1V,,284,10,64,27,19,0,0
WISEA J170919.92+281835.2,257.33311,28.30987,*,689523.00,2.3,,18.5g,,8,0,23,8,3,4,0
SBS 1711+579,258.11563,57.9186,QSO,898178.00,2.996,,17.5g,,52,0,51,12,18,8,0
"[HB89] 1718+481",259.90937,48.07007,QSO,324975.00,1.084,,14.6V,,158,9,76,13,6,0,0
WISE J173352.20+540030.0,263.46771,54.00852,QSO,1029912.00,3.435417,,17.7g,,57,0,52,21,28,8,0
WISEA J175603.62+574847.9,269.01509,57.81333,QSO,632562.00,2.11,,18.0,,58,1,39,14,6,4,1
WISE J175746.40+753916.0,269.44316,75.65449,QSO,914367.00,3.05,,16.12,,76,2,23,7,4,0,0
"[HB89] 1821+643",275.48881,64.34344,G,89038.00,0.297,,14.1,,368,20,68,31,25,0,0
"[HB89] 1850+402",283.12655,40.3185,QSO,635560.00,2.12,,18.5,,65,1,27,11,4,0,0
PKS 1937-101,294.98857,-10.04487,QSO,1135314.00,3.787,,19.0,,123,1,51,26,11,0,0
WISE J194454.90+770552.0,296.22913,77.09786,QSO,897579.00,2.994,,15.85,,107,4,5,6,5,0,0
"[HB89] 2000-330",300.85048,-32.86254,QSO,1131117.00,3.773,,19.0,,227,3,65,32,14,0,1
WISEA J203642.31-055300.3,309.17622,-5.8834,QSO,775308.00,2.586148,,18.8g,,48,0,38,13,19,8,0
"[HB89] 2038-012",310.21451,-1.09406,QSO,869398.00,2.9,,19.1,,28,0,17,4,2,4,0
WISEA J210025.03-064146.4,315.10429,-6.69611,QSO,942704.00,3.144521,,18.8g,,53,0,44,14,19,8,0
"[HB89] 2112+059 NED01",318.71913,6.12847,QSO,139703.00,0.466,,15.6V,,145,5,90,19,12,0,2
WISE J212329.47-005052.9,320.87278,-0.84804,QSO,680117.00,2.268625,,16.7g,,80,0,52,24,26,4,0
WISEA J212904.95-160249.4,322.27042,-16.04694,QSO,869398.00,2.9,,,,4,0,12,5,4,0,0
"[HB89] 2126-158",322.30073,-15.64473,QSO,979722.00,3.268,,16.1R,,394,11,88,38,22,0,0
"[HB89] 2128-123",322.89692,-12.118,QSO,150196.00,0.501,,17.1R,,410,9,121,42,15,0,0
WISEA J215501.99+135825.6,328.75875,13.97389,QSO,1275917.00,4.256,,17.9,,39,2,19,5,3,0,0
LBQS 2203-1833,331.66506,-18.31275,QSO,817834.00,2.728,,18.42,,20,0,13,8,6,0,0
LBQS 2206-1958,332.21667,-19.73306,QSO,766869.00,2.558,,17.54,,177,3,6,15,12,0,0
"[HB89] 2212-299",333.81681,-29.73981,G,810538.00,2.703664,,18.5b,,66,1,41,13,4,0,1
WISEA J221527.29-161133.1,333.86372,-16.19251,QSO,1196172.00,3.99,,18.1,,45,4,21,9,5,0,0
"[HB89] 2216-038",334.71682,-3.59358,QSO,270113.00,0.901,,16.52,,314,6,115,41,17,0,0
WISEA J222256.11-094636.1,335.7338,-9.77674,QSO,877457.00,2.92688,,18.3g,,67,0,48,20,22,8,0
3C 446,336.44691,-4.95039,QSO,420909.00,1.404,,17.19,,664,11,178,48,21,0,0
LBQS 2230+0232,338.14694,2.79865,QSO,643654.00,2.147,,18.05,,77,0,21,14,8,0,0
LBQS 2231-0015,338.53749,4.7E-4,QSO,908172.00,3.029336,,17.1i,,117,1,26,24,25,4,0
"[HB89] 2233+131",339.07998,13.43897,QSO,992981.00,3.312229,,18.9g,,87,2,39,12,17,8,0
"[HB89] 2233+136",339.11284,13.95389,QSO,964883.00,3.218502,,18.8g,,71,1,51,14,19,6,0
WISE J223953.60-055219.0,339.97333,-5.87194,QSO,1366454.00,4.558,,18.3,,87,2,8,11,9,0,1
"[HB89] 2237+030",340.12613,3.35862,QSO,508148.00,1.695,,16.78,,317,2,15,2,1,0,0
WISEA J224145.11+122557.2,340.43796,12.43256,QSO,791132.00,2.638933,,18.1g,,41,1,45,17,21,8,0
"[HB89] 2251+244",343.53892,24.75651,QSO,697917.00,2.328,:,17.8,,133,7,48,17,5,0,0
WISEA J230301.45-093931.0,345.75605,-9.65853,QSO,1035525.00,3.45414,,18.3g,,43,0,48,14,18,8,0
"[HB89] 2302+029",346.18757,3.19614,QSO,312983.00,1.044,,15.4V,,97,3,43,7,2,0,0
WISE J231324.46+003444.5,348.3519,0.57904,QSO,625771.00,2.087347,,16.5g,,52,0,55,17,25,8,0
WISEA J231543.56+145606.4,348.93152,14.93512,QSO,1016428.00,3.39044,,19.4g,,47,0,38,15,20,8,0
FBQS J2334-0908,353.69333,-9.13673,QSO,997906.00,3.328654,,18.8g,,78,0,39,16,22,8,0
WISEA J233823.16+150445.3,354.5965,15.07923,QSO,727992.00,2.428319,,17.7g,,39,0,50,15,17,8,2
FBQS J2340-0053,355.09863,-0.89083,QSO,625491.00,2.086413,,17.8g,,91,0,63,28,33,8,0
WISEA J234352.62+141014.6,355.96929,14.17074,QSO,874393.00,2.916662,,18.6g,,43,0,39,14,19,8,0
B2 2342+34,356.21356,34.56351,QSO,915267.00,3.053,,19.1,,62,1,25,12,5,0,0
WISEA J234531.02+090904.8,356.37929,9.15147,*,835370.00,2.786494,SPEC,18.4V,,7,0,12,7,2,0,0
"[HB89] 2343+125",356.61756,12.81664,QSO,753978.00,2.515,,17,,101,1,1,17,12,0,0
"[VCV96] Q 2344+1229",356.63668,12.76114,QSO,753978.00,2.515,,17.0,,5,0,0,3,1,0,1
WISEA J234856.47-104131.2,357.23536,-10.69199,QSO,948391.00,3.16349,,18.5g,,36,0,42,13,18,8,0
WISEA J235010.07+081255.2,357.542,8.21536,QSO,509647.00,1.7,,16.7,,27,0,32,9,1,0,0
KODIAQ J235050+045507,357.70963,4.91838,QSO,777362.00,2.593,,17.6,,8,0,0,3,2,0,0
UM 184,357.74115,-0.86942,QSO,909095.00,3.032413,,19.2g,,140,2,42,27,38,8,0
WISE J235129.80-142757.0,357.87425,-14.46578,QSO,881390.00,2.94,,16.9,,67,0,26,12,6,0,0
WISEA J235953.63-124148.0,359.97345,-12.69664,QSO,260220.00,0.868,,16.7,,31,0,25,11,4,0,0
