QSO	PI_DATE	SPEC_PREFIX	Z_EM	QSO_Olam0	QSO_Olam1	QSO_Rlam0	QSO_Rlam1	OBS_Olam0	OBS_Olam1	LyaS2N	DR	S2N	SPECRES	dv	RA	DE
J000150-015940	Wolfe_Sep_29_30_1997	J000150-015940	2.81	4111	6520	1079	1711	4111	6520	6.88	2	9.0	71700	2.60	6.279995717971566	-0.03967327315255555
J000520+052410	Sargent_Oct_12_13_14_1999	J000520+052410	1.887	3217	4888	1114	1693	3307	4849	12.97	2	12.0	95600	2.60	0.012076223982757432	0.08944279121421718
J000520+052410	Sargent_Oct_12_13_14_1999	J000520+052410_spec2	1.887	3217	4888	1114	1693	3340	4888	14.39	2	12.0	95600	2.60	0.012093677275277373	0.08944812416470939
J000520+052410	Steidel_Sep_22_23_24_1998	J000520+052410	1.887	3217	4888	1114	1693	3217	4723	5.82	2	10.0	95600	2.60	0.012078405644322424	0.0894490937920716
J000931+021707	Tytler_Dec_10_12_13_14_2009	J000931+021707	2.35	3334	6198	995	1850	3334	6198	12.32	1	8.0	95500	2.60	0.041550471725811666	0.039884651917519304
J001602-001224	Roth_Nov_11_12_1996	J001602-001224	2.087	3766	6875	1219	2227	3766	6191	-1.00	2	3.0	95600	2.60	0.0699978840922759	-0.0036113771105849334
J001602-001224	Roth_Nov_11_12_1996	J001602-001224_spec2	2.087	3766	6875	1219	2227	3903	6875	-1.00	2	3.0	95600	2.60	0.06998770300497259	-0.0036239822662937817
J001708+813508	Cowie_Aug_5_1995	J001708+813508	3.366	4414	7791	1010	1784	4414	6873	12.38	2	5.0	95600	2.60	0.06141595471611545	1.419111700758794
J001708+813508	Cowie_Aug_5_1995	J001708+813508_spec2	3.366	4414	7791	1010	1784	4437	6911	12.08	2	6.0	95600	2.60	0.06142468136237543	1.4191131551998373
J001708+813508	Roth_Nov_11_12_1996	J001708+813508	3.366	4414	7791	1010	1784	5353	7791	-1.00	2	2.0	95600	2.60	0.07486444382325343	1.4239210524754005
J002127-020333	Tytler_Dec_10_12_13_14_2009	J002127-020333	2.596	3366	6198	936	1723	3366	6198	13.10	1	8.0	95500	2.60	0.09361364331280252	-0.03593778373960657
J002208-150539	Wolfe_Sep_20_21_22_1996	J002208-150539	4.528	5293	7792	957	1409	5293	7792	7.79	2	11.0	71700	2.60	0.08555167660963203	-0.26830849628172604
J002830-281704	Tytler_Dec_10_12_13_14_2009	J002830-281704	2.4	3366	6198	989	1822	3366	6198	5.80	1	5.0	95500	2.60	0.12438088914337588	-0.493665894112915
J002952+020606	Tytler_Dec_10_12_13_14_2009	J002952+020606	2.333	3367	6198	1010	1859	3367	6198	7.34	1	8.0	95500	2.60	0.13032591690798156	0.036681487926428606
J003501-091817	Pettini_Dec_9_2009	J003501-091817	2.418	3123	5980	913	1749	3123	5980	17.06	1	5.0	71600	2.60	0.15277885051436696	-0.16231998375860263
J004054-091526	Wolfe_Jan_15_2011	J004054-091526	4.976	5453	8570	912	1434	5453	8570	4.83	1	3.0	47700	1.30	0.17850645812980667	-0.1615903391685328
J004351-265128	Tytler_Dec_10_12_13_14_2009	J004351-265128	2.786	3370	6198	890	1637	3370	6198	9.51	1	8.0	95500	2.60	0.19138916967108985	-0.4687537431091015
J004358-255115	Tytler_Dec_10_12_13_14_2009	J004358-255115	2.501	3365	6198	961	1770	3365	6198	13.05	1	10.0	95500	2.60	0.1918967695952115	-0.45123936406533843
J004434-261121	Chaffee_Jul_13_1997	J004434-261121	3.289	4107	6564	957	1530	4107	6514	3.76	2	4.0	95600	2.60	0.18369299489031649	-0.4618276948607707
J004434-261121	Chaffee_Jul_6_1997	J004434-261121	3.289	4107	6564	957	1530	4126	6564	3.12	2	5.0	95600	2.60	0.1836842682440565	-0.4618146048913807
J004448+372114	Tytler_Dec_10_12_13_14_2009	J004448+372114	2.41	3368	6198	987	1817	3368	6198	5.90	1	6.0	95500	2.60	0.19550160172110145	0.6519536824857296
J004530-261709	Crighton_Aug_22_2007	J004530-261709	3.44	3973	8543	894	1924	3973	8543	16.82	1	5.0	47700	1.30	0.19856247289678652	-0.4587738534834618
J005202+010129	Tytler_Dec_10_12_13_14_2009	J005202+010129	2.27	3366	6198	1029	1895	3366	6198	11.23	1	8.0	95500	2.60	0.22706588124341892	0.017888655205579657
J005233+014040	Roth_Nov_11_12_1996	J005233+014040	2.307	5281	7635	1596	2308	5281	7635	-1.00	2	3.0	95600	2.60	0.22931008377327497	0.029252203077106072
J005700+143737	Tytler_Dec_10_12_13_14_2009	J005700+143737	2.643	3366	6198	923	1701	3366	6198	10.10	1	8.0	95500	2.60	0.24872323559910353	0.25529270338497834
J005814+011530	Tytler_Dec_10_12_13_14_2009	J005814+011530	2.494	3368	6250	963	1788	3368	6198	10.33	1	8.0	95500	2.60	0.2541119396646361	0.021966423077391967
J005814+011530	Wolfe_Oct_6_2004	J005814+011530	2.494	3368	6250	963	1788	3386	6250	10.32	1	4.0	47700	1.30	0.2541126668851577	0.021966423077391967
J010054+021136	Sargent_Oct_12_13_14_1999	J010054+021136	1.959	3218	4889	1087	1652	3317	4849	6.01	2	8.0	95600	2.60	0.25448863989485815	0.03362958580384407
J010054+021136	Sargent_Oct_12_13_14_1999	J010054+021136_spec2	1.959	3218	4889	1087	1652	3340	4889	6.86	2	8.0	95600	2.60	0.2545053659668564	0.03358789182726865
J010054+021136	Steidel_Sep_22_23_24_1998	J010054+021136	1.959	3218	4889	1087	1652	3218	4723	12.21	2	7.0	95600	2.60	0.26570383477996506	0.03828719083826338
J010311+131617	Steidel_Oct_9_10_2005	J010311+131617	2.721	3123	6896	839	1853	3123	5978	77.74	1	13.0	71600	2.60	0.2757082074965009	0.2316323413057897
J010311+131617	Wolfe_Nov_1_2002	J010311+131617	2.721	3123	6896	839	1853	4475	6896	-1.00	2	8.0	95600	2.60	0.27569439030658927	0.23163137167842748
J010741-263328	Tytler_Jan_13_14_15_2008	J010741-263328	2.46	3133	6031	905	1743	3133	6031	4.43	1	5.0	71600	2.60	0.2953504337866537	-0.4635182401667996
J010806+163550	Tytler_Dec_6_7_2005	J010806+163550	2.652	3048	6655	834	1822	3048	5895	31.77	1	13.0	35800	1.30	0.28554168339044556	0.28503505309368615
J010806+163550	Tytler_Oct_9_10_11_1999	J010806+163550	2.652	3048	6655	834	1822	3189	4723	57.74	2	15.0	71700	2.60	0.2855874982833104	0.28502972014319394
J010806+163550	Tytler_Sep_20_21_22_2000	J010806+163550	2.652	3048	6655	834	1822	3189	4724	52.54	2	14.0	71700	2.60	0.2855787716370505	0.2850205086832529
J010806+163550	Wolfe_Nov_8_9_1999	J010806+163550	2.652	3048	6655	834	1822	4218	6655	9.44	2	8.0	71700	2.60	0.2855794988575721	0.2850224479379773
J010925-210257	Prochaska_Jan_3_4_2006	J010925-210257	3.226	3304	6179	781	1462	3304	6179	19.28	1	6.0	71600	2.60	0.30289971002205085	-0.3673690213017943
J011150+140141	Tytler_Jan_13_14_15_2008	J011150+140141	2.47	3133	6031	902	1738	3133	6031	7.30	1	5.0	71600	2.60	0.3134327720578366	0.24483866597921342
J012156+144823	Prochaska_Sep_8_9_2004	J012156+144823	2.87	3244	6254	838	1616	3244	6138	27.39	1	2.0	47700	1.30	0.3574957906859985	0.25843284159752483
J012156+144823	Cowie_Oct_18_19_20_21_1998	J012156+144823	2.87	3244	6254	838	1616	3950	6254	16.75	2	4.0	71700	2.60	0.35749869956808517	0.2584207212554971
J012156+144823	Cowie_Oct_18_19_20_21_1998	J012156+144823_spec2	2.87	3244	6254	838	1616	3970	6203	19.29	2	7.0	71700	2.60	0.35750524455278015	0.2584216908828593
J012156+144823	Sargent_Dec_18_22_1998	J012156+144823	2.87	3244	6254	838	1616	3842	6077	28.00	2	10.0	95600	2.60	0.3574819734960869	0.25840666165874493
J012156+144823	Sargent_Dec_18_22_1998	J012156+144823_spec2	2.87	3244	6254	838	1616	3852	6088	21.65	2	8.0	95600	2.60	0.3574630657625236	0.2584284782743948
J012156+144823	Sargent_Nov_10_11_12_1999	J012156+144823	2.87	3244	6254	838	1616	3853	6168	11.08	2	9.0	95600	2.60	0.3575066989938234	0.2584037527766583
J012227-042127	Hamann_Jan_1_2_1998	J012227-042127	1.953	3316	6051	1122	2049	3400	4913	2.99	2	5.0	95600	2.60	0.34868915016864377	-0.08065408880306353
J012227-042127	Hamann_Jan_1_2_1998	J012227-042127_spec2	1.953	3316	6051	1122	2049	3405	4920	3.41	2	6.0	95600	2.60	0.34874805503089856	-0.08060512262127147
J012227-042127	Sargent_Jul_21_22_1996	J012227-042127	1.953	3316	6051	1122	2049	3838	6051	-1.00	2	5.0	95600	2.60	0.3487836888364601	-0.08063663551054358
J012227-042127	Sargent_Oct_12_13_14_1999	J012227-042127	1.953	3316	6051	1122	2049	3316	4849	6.04	2	6.0	95600	2.60	0.34877496219020016	-0.08060997075808256
J012227-042127	Sargent_Oct_12_13_14_1999	J012227-042127_spec2	1.953	3316	6051	1122	2049	3341	4889	4.09	2	6.0	95600	2.60	0.34877496219020016	-0.08060997075808256
J013301-400628	Tytler_Oct_27_28_29_1998	J013301-400628	3.023	3339	4899	829	1217	3339	4899	53.74	2	9.0	71700	2.60	0.39636500034843386	-0.7044725789329634
J013340+040059	Wolfe_Dec_27_2006	J013340+040059	4.15	4159	8742	807	1697	4159	8742	14.73	1	7.0	47700	1.30	0.40873138531933534	0.07005557692032796
J013421+330756	Hamann_Dec_27_2003	J013421+330756	4.52	5597	8578	1013	1553	5597	7951	9.13	2	5.0	95600	2.60	0.411712989458159	0.5782542459381824
J013421+330756	Hamann_Dec_27_2003	J013421+330756_spec2	4.52	5597	8578	1013	1553	6234	8578	6.45	2	7.0	95600	2.60	0.4117093533555507	0.5782576396339502
J013515-021349	Becker_Dec_26_27_1997	J013515-021349	1.82	3892	6282	1380	2227	3892	6282	-1.00	2	6.0	71700	2.60	0.4156247086441913	-0.038932962661501286
J014516-094517	Steidel_Oct_9_10_2005	J014516-094517A	2.729	3022	6167	810	1653	3102	5978	63.76	1	13.0	71600	2.60	0.4593430247450842	-0.1702757762656101
J014516-094517	Steidel_Oct_9_10_2005	J014516-094517B	2.729	3022	6167	810	1653	3102	5979	20.85	1	4.0	95500	2.60	0.4593510241708226	-0.17027723070665346
J014516-094517	Steidel_Sep_24_25_2008	J014516-094517A	2.729	3022	6167	810	1653	3022	5897	21.43	1	7.0	47700	1.30	0.45931975368839095	-0.17027335219720457
J014516-094517	Steidel_Sep_24_25_2008	J014516-094517B	2.729	3022	6167	810	1653	3022	5897	7.81	1	7.0	47700	1.30	0.45931975368839095	-0.17027335219720457
J014516-094517	Sargent_Nov_10_11_12_1999	J014516-094517A	2.729	3022	6167	810	1653	3856	6167	12.18	2	10.0	95600	2.60	0.4485387094547177	-0.1746211612893949
J014944+150106	Tytler_Dec_10_12_13_14_2009	J014944+150106	2.07	3176	6038	1034	1966	3176	6038	11.80	1	11.0	95500	2.60	0.4788325347256876	0.26212566740653614
J015227-200107	Tytler_Jan_13_14_15_2008	J015227-200107	2.147	3177	6528	1009	2074	3177	6032	5.44	1	4.0	95500	2.60	0.49069859197768406	-0.3493989173977881
J015227-200107	Steidel_Sep_22_23_24_1998	J015227-200107	2.147	3177	6528	1009	2074	4117	6528	-1.00	2	6.0	95600	2.60	0.4906527770848192	-0.3493945540746582
J015234+335033	Wolfe_Sep_29_30_1997	J015234+335033	2.431	4069	6526	1185	1902	4069	6526	-1.00	2	5.0	71700	2.60	0.47850383104989536	0.5863700269599561
J015741-010629	Prochaska_Dec_18_2003	J015741-010629	3.564	3937	6294	862	1379	4000	6294	13.31	2	11.0	71700	2.60	0.513512226962815	-0.01934115699418383
J015741-010629	Tytler_Aug_3_4_2002	J015741-010629	3.564	3937	6294	862	1379	3937	5508	10.22	2	7.0	71700	2.60	0.5135362252400298	-0.01934212662154605
J020346+113445	Steidel_Oct_29_30_1997	J020346+113445	3.61	4473	6914	970	1499	4473	6914	9.56	2	3.0	95600	2.60	0.5400812287218202	0.20210040073468338
J020455+364917	Ellison_Aug_17_18_2006	J020455+364917	2.912	3157	6384	807	1631	3473	6384	10.83	1	12.0	47700	1.30	0.5450517809873958	0.6426709549335254
J020455+364917	Prochaska_Aug_19_20_2006	J020455+364917	2.912	3157	6384	807	1631	3501	6296	8.19	1	4.0	47700	1.30	0.5451310480242573	0.6426462294357888
J020455+364917	Wolfe_Oct_6_2004	J020455+364917	2.912	3157	6384	807	1631	3157	6031	10.23	1	2.0	47700	1.30	0.5450946869981741	0.6426593194051788
J020455+364917	Tytler_Aug_27_2001	J020455+364917	2.912	3157	6384	807	1631	3166	4716	22.96	2	6.0	71700	2.60	0.532027261444388	0.6384889521202745
J020944+051714	Wolfe_Dec_27_2006	J020944+051714	4.18	5193	8319	1002	1605	5733	7314	20.41	1	9.0	47700	1.30	0.5661484483208772	0.09218441258089162
J020944+051714	Wolfe_Sep_18_2007	J020944+051714	4.18	5193	8319	1002	1605	5211	8319	46.00	1	5.0	47700	1.30	0.5661419033361822	0.0923061008148501
J020944+051714	Sargent_Dec_18_22_1998	J020944+051714	4.18	5193	8319	1002	1605	5682	8124	25.13	2	5.0	95600	2.60	0.5661200867205323	0.09227992087607019
J020944+051714	Sargent_Dec_18_22_1998	J020944+051714_spec2	4.18	5193	8319	1002	1605	5554	8009	29.04	2	7.0	95600	2.60	0.5661179050589673	0.09227361829821577
J020944+051714	Sargent_Dec_18_22_1998	J020944+051714_spec3	4.18	5193	8319	1002	1605	5544	7655	33.85	2	7.0	95600	2.60	0.5661193595000106	0.09227943606238907
J020944+051714	Sargent_Dec_18_22_1998	J020944+051714_spec4	4.18	5193	8319	1002	1605	5193	7622	39.98	2	6.0	95600	2.60	0.5661186322794889	0.09227846643502687
J020950-000506	Prochaska_Sep_8_9_2004	J020950-000506	2.828	3022	9219	789	2408	3151	5994	37.70	1	5.0	47700	1.30	0.5665542373719658	-0.0014859539326007277
J020950-000506	Steidel_Sep_24_25_2008	J020950-000506	2.828	3022	9219	789	2408	3022	5897	34.14	1	6.0	47700	1.30	0.5665506012693576	-0.0014864387462818374
J020950-000506	Wolfe_Oct_3_4_5_2004	J020950-000506	2.828	3022	9219	789	2408	4650	9219	-1.00	1	10.0	47700	1.30	0.5665571462540525	-0.0014849843052385087
J021129+124110	Wolfe_Jan_24_25_26_2011	J021129+124110	2.953	3681	6588	931	1666	3681	6588	5.77	1	5.0	47700	1.30	0.5737580838595724	0.2214905239106593
J021857+081727	Sargent_Aug_20_21_22_1995	J021857+081727	2.995	5229	7674	1308	1920	5229	7653	-1.00	2	7.0	95600	2.60	0.5946867632525494	0.1406909910032629
J021857+081727	Sargent_Oct_17_18_1995	J021857+081727	2.995	5229	7674	1308	1920	5232	7674	-1.00	2	6.0	95600	2.60	0.5947078526476777	0.14071911019676728
J022554+005451	Wolfe_Dec_26_2006	J022554+005451	2.975	3571	6485	898	1631	3571	6485	7.58	1	5.0	47700	1.30	0.6367041105532697	0.015958127127401488
J022839-101110	Junkkarinen_Jan_15_16_1996	J022839-101110	2.256	3760	6198	1154	1903	3760	6181	4.23	2	9.0	95600	2.60	0.6378938433267125	-0.18175810348900837
J022839-101110	Junkkarinen_Jan_15_16_1996	J022839-101110_spec2	2.256	3760	6198	1154	1903	3983	6198	-1.00	2	9.0	95600	2.60	0.6378836622394092	-0.18175277053851618
J022853-033737	Tytler_Dec_10_12_13_14_2009	J022853-033737	2.066	3177	6039	1036	1969	3177	6039	12.96	1	8.0	95500	2.60	0.6496391819721126	-0.063301637528791
J023145+132254	Tytler_Dec_10_12_13_14_2009	J023145+132254	2.059	3176	6039	1038	1974	3176	6039	9.10	1	11.0	95500	2.60	0.6621982803812552	0.2335599605018812
J023145+132254	Steidel_Sep_22_23_24_1998	J023145+132254	2.059	3176	6039	1038	1974	3218	4723	3.69	2	6.0	95600	2.60	0.6621822815297784	0.23355899087451895
J023359+004938	Tytler_Jan_13_14_15_2008	J023359+004938	2.522	3174	6033	901	1712	3174	6033	7.29	1	5.0	95500	2.60	0.6719190370943418	0.014443569187615295
J023838+163659	Cohen_Dec_25_1997	J023838+163659	0.94	3834	6178	1976	3184	3834	6170	-1.00	2	14.0	95600	2.60	0.6801409923122786	0.28625823801112554
J023838+163659	Cohen_Dec_25_1997	J023838+163659_spec2	0.94	3834	6178	1976	3184	3918	6178	-1.00	2	14.0	95600	2.60	0.6801439011943653	0.28628732683199204
J023924-090138	Tytler_Jan_13_14_15_2008	J023924-090138	2.471	3133	6032	902	1737	3133	6032	5.82	1	4.0	95500	2.60	0.6955486135047801	-0.1575397208628626
J024008-230915	Sargent_Dec_28_29_30_31_1997	J024008-230915	2.225	3504	5045	1086	1564	3504	5045	9.46	2	7.0	71700	2.60	0.6888858190852918	-0.40782332929461723
J024008-230915	Sargent_Dec_28_29_30_31_1997	J024008-230915_spec2	2.225	3504	5045	1086	1564	3504	5044	10.83	2	8.0	71700	2.60	0.6888356408692969	-0.40789459690574037
J024401-013403	Sargent_Aug_20_21_22_1995	J024401-013403	4.01	4469	6921	892	1381	4469	6888	9.39	2	5.0	95600	2.60	0.7046614138617556	-0.03100674378904148
J024401-013403	Sargent_Aug_20_21_22_1995	J024401-013403_spec2	4.01	4469	6921	892	1381	4493	6921	9.96	2	6.0	95600	2.60	0.7046803215953189	-0.030995108260694855
J024854+180249	Sargent_Oct_17_18_1995	J024854+180249	4.403	5929	8507	1097	1574	6072	8507	12.66	2	6.0	95600	2.60	0.7247421541264719	0.31136043597793395
J024854+180249	Sargent_Oct_17_18_1995	J024854+180249_spec2	4.403	5929	8507	1097	1574	5929	8387	8.13	2	8.0	95600	2.60	0.7247690612857736	0.3113909792398438
J025127+341442	Tytler_Jan_13_14_15_2008	J025127+341442	2.23	3133	6031	969	1867	3133	6031	7.33	1	5.0	95500	2.60	0.7481019317233727	0.5977263026262658
J025515+014828	Tytler_Jan_13_14_15_2008	J025515+014828	2.47	3157	6030	909	1737	3157	6030	6.22	1	4.0	95500	2.60	0.7646483802528006	0.03158076318747517
J025518+004847	Wolfe_Nov_8_9_1999	J025518+004847	3.988	5800	8156	1162	1635	5800	8156	12.86	2	7.0	95600	2.60	0.7536855308887112	0.010693050550551926
J025518+004847	Wolfe_Nov_8_9_1999	J025518+004847_spec2	3.988	5800	8156	1162	1635	5800	8156	3.13	2	4.0	71700	2.60	0.7537131652685345	0.010664931357047573
J025625-011911	Becker_Dec_26_27_1997	J025625-011911	2.49	4030	6423	1154	1840	4060	6287	2.62	2	3.0	71700	2.60	0.7698043737514007	-0.023034952430557382
J025625-011911	Becker_Dec_26_27_1997	J025625-011911_spec2	2.49	4030	6423	1154	1840	4030	6423	2.33	2	4.0	71700	2.60	0.7697963743256623	-0.023033982803195165
J025644+001246	Tytler_Jan_13_14_15_2008	J025644+001246	2.251	3157	6030	971	1854	3157	6030	4.30	1	9.0	95500	2.60	0.7711635489063913	0.003708339846806841
J025905+001121	Steidel_Feb_1_2000	J025905+001121	3.365	3806	6791	871	1555	4357	6756	8.54	2	6.0	95600	2.60	0.7814377204364643	0.003303035609399268
J025905+001121	Steidel_Feb_1_2000	J025905+001121_spec2	3.365	3806	6791	871	1555	4381	6789	7.82	2	12.0	95600	2.60	0.7814319026722911	0.0033069141188481446
J025905+001121	Steidel_Sep_14_15_16_1999	J025905+001121	3.365	3806	6791	871	1555	4358	6758	33.25	2	8.0	95600	2.60	0.7814151766002929	0.0032967330315448445
J025905+001121	Steidel_Sep_14_15_16_1999	J025905+001121_spec2	3.365	3806	6791	871	1555	4382	6791	31.84	2	16.0	95600	2.60	0.7813962688667296	0.0033010963546748306
J025905+001121	Steidel_Sep_22_23_24_1998	J025905+001121	3.365	3806	6791	871	1555	3806	5353	11.06	2	10.0	95600	2.60	0.7814129949387278	0.003313701510383678
J025905+001121	Steidel_Sep_22_23_24_1998	J025905+001121_spec2	3.365	3806	6791	871	1555	4317	6757	9.34	2	10.0	95600	2.60	0.7814282665696828	0.003314186324064788
J030046+022245	Tytler_Jan_13_14_15_2008	J030046+022245	2.52	3133	6033	890	1713	3133	6033	5.38	1	18.0	95500	2.60	0.7886677468628509	0.04150732330819292
J030341-002321	Prochaska_Sep_8_9_2004	J030341-002321	3.175	3536	6423	846	1538	3536	6423	19.13	1	4.0	47700	1.30	0.8014653736030993	-0.006801451132285681
J030341-002321	Prochaska_Dec_18_2003	J030341-002321	3.175	3536	6423	846	1538	3977	6410	16.53	2	11.0	71700	2.60	0.8014741002493593	-0.006807268896458996
J030449-000813	Cowie_Dec_6_7_8_1996	J030449-000813	3.295	4226	6712	983	1562	4253	6712	14.96	2	11.0	71700	2.60	0.806511556802928	-0.002364436322771207
J030449-000813	Cowie_Dec_6_7_8_1996	J030449-000813_spec2	3.295	4226	6712	983	1562	4226	6665	14.14	2	7.0	71700	2.60	0.8064948307309298	-0.0023707389006256308
J030449-221151	Steidel_Sep_22_23_24_1998	J030449-221151	1.409	3765	5333	1562	2213	3765	5333	-1.00	2	9.0	95600	2.60	0.8064650146895415	-0.38742527847561464
J031003-004645	Tytler_Jan_13_14_15_2008	J031003-004645	2.114	3133	6032	1006	1937	3133	6032	6.77	1	5.0	95500	2.60	0.8292386525459808	-0.013599993382484705
J032412-320259	Tytler_Dec_14_15_1998	J032412-320259	3.302	3820	5357	887	1245	3820	5357	13.79	2	4.0	71700	2.60	0.8910138541997985	-0.5593649352947927
J033900-013318	Prochaska_Jan_5_2006	J033900-013318	3.197	3686	7198	878	1715	4185	7198	11.37	1	6.0	71600	2.60	0.9556383058574968	-0.027138900241149604
J033900-013318	Prochaska_Oct_26_28_2005	J033900-013318	3.197	3686	7198	878	1715	3686	6599	12.17	1	5.0	71600	2.60	0.955633215313845	-0.027137930613787387
J033900-013318	Tytler_Oct_9_10_11_1999	J033900-013318	3.197	3686	7198	878	1715	3937	6400	7.22	2	6.0	71700	2.60	0.9445489201226378	-0.029894096390895096
J033900-013318	Wolfe_Oct_31_Nov_1_2003	J033900-013318	3.197	3686	7198	878	1715	4312	6767	13.22	2	7.0	95600	2.60	0.9556404875190618	-0.027140839495874047
J034943-381031	Wolfe_Sep_20_21_22_1996	J034943-381031	3.222	4853	7333	1149	1736	4853	7333	16.36	2	8.0	71700	2.60	0.9943962507801175	-0.6688824066027124
J035116+061914	Hamann_Dec_16_1998	J035116+061914	2.059	3500	5050	1144	1650	3500	5042	4.43	2	5.0	95600	2.60	0.9974985735255374	0.1077003896311212
J035116+061914	Hamann_Dec_16_1998	J035116+061914_spec2	2.059	3500	5050	1144	1650	3507	5050	3.63	2	5.0	95600	2.60	0.997499300746059	0.10770135925848343
J040241-064124	Wolfe_Jan_24_25_26_2011	J040241-064124	2.432	2995	5882	872	1713	2995	5882	7.31	1	10.0	35800	1.30	1.0589719786628644	-0.11676640546786952
J042408+020424	Cowie_Oct_25_26_2001	J042408+020424	2.044	3316	6080	1089	1997	3861	6080	-1.00	2	8.0	95600	2.60	1.152539807082802	0.036190856481145756
J042408+020424	Sargent_Oct_12_13_14_1999	J042408+020424	2.044	3316	6080	1089	1997	3316	4850	8.04	2	12.0	95600	2.60	1.1525085366003707	0.03620879458734681
J042408+020424	Sargent_Oct_12_13_14_1999	J042408+020424_spec2	2.044	3316	6080	1089	1997	3340	4890	9.19	2	8.0	95600	2.60	1.152557260375322	0.036191341294826866
J042707-130253	Hamann_Dec_16_1998	J042707-130253	2.166	3455	6978	1091	2204	3500	5042	4.36	2	6.0	95600	2.60	1.1553934204098129	-0.2296707851520205
J042707-130253	Hamann_Dec_16_1998	J042707-130253_spec2	2.166	3455	6978	1091	2204	3507	5049	4.13	2	6.0	95600	2.60	1.1553934204098129	-0.2296707851520205
J042707-130253	Hamann_Jan_1_2_1998	J042707-130253	2.166	3455	6978	1091	2204	3466	4980	3.81	2	5.0	95600	2.60	1.155410873702333	-0.22966933071097714
J042707-130253	Hamann_Jan_1_2_1998	J042707-130253_spec2	2.166	3455	6978	1091	2204	3455	4989	3.15	2	5.0	95600	2.60	1.1553708765736412	-0.22968339030772936
J042707-130253	Steidel_Feb_27_28_1998	J042707-130253	2.166	3455	6978	1091	2204	4528	6978	-1.00	2	7.0	95600	2.60	1.1655286928202484	-0.2277334696823068
J043038-133546	Sargent_Nov_10_11_12_1999	J043038-133546	3.249	4382	6791	1031	1598	4382	6791	6.45	2	6.0	95600	2.60	1.1809130429560566	-0.2373269628041023
J045142-132033	Sargent_Dec_11_12_1996	J045142-132033	3.093	3686	6183	900	1510	3722	6183	5.57	2	5.0	95600	2.60	1.2627304421869423	-0.2343482675473653
J045142-132033	Sargent_Dec_28_29_30_31_1997	J045142-132033	3.093	3686	6183	900	1510	3686	5202	5.93	2	4.0	71700	2.60	1.2627428049358105	-0.23439432484707068
J045213-164012	Pettini_Dec_9_2009	J045213-164012	2.684	3100	5979	841	1622	3100	5979	20.57	1	14.0	71600	2.60	1.2751266431992323	-0.2909720814325536
J045213-164012	Steidel_Oct_9_10_2005	J045213-164012	2.684	3100	5979	841	1622	3124	5979	41.32	1	12.0	71600	2.60	1.2750546483675875	-0.29098129289249464
J045312-130546	Steidel_Feb_27_28_1998	J045312-130546	2.3	4253	6721	1288	2036	4253	6721	-1.00	2	9.0	95600	2.60	1.279450696421048	-0.22862746611027276
J045608-215909	Cohen_Dec_25_1997	J045608-215909	0.534	3882	6179	2530	4028	3882	6179	-1.00	2	10.0	95600	2.60	1.2829093572220835	-0.3850909006010722
J050112-015914	Wolfe_Oct_31_Nov_1_1995	J050112-015914	2.286	3889	6298	1183	1916	3889	6298	-1.00	2	5.0	71700	2.60	1.3032293530384274	-0.03593632929856324
J053007-250329	Lu_Jan_3_4_1998	J053007-250329	2.765	3504	6527	930	1733	4115	6527	9.14	2	5.0	95600	2.60	1.4315481413066156	-0.43799522392478807
J053007-250329	Sargent_Dec_28_29_30_31_1997	J053007-250329	2.765	3504	6527	930	1733	3504	5045	12.61	2	3.0	71700	2.60	1.4315525046297457	-0.43797970988699253
J053007-250329	Sargent_Dec_28_29_30_31_1997	J053007-250329_spec2	2.765	3504	6527	930	1733	3504	5045	13.43	2	4.0	71700	2.60	1.4315183252652273	-0.43803303939191457
J055246-363727	Roth_Nov_11_12_1996	J055246-363727	2.318	4537	7023	1367	2116	4537	7023	-1.00	2	2.0	95600	2.60	1.5392764077244006	-0.6392147182008955
J055246-363727	Roth_Nov_11_12_1996	J055246-363727_spec2	2.318	4537	7023	1367	2116	4537	7023	-1.00	2	2.0	95600	2.60	1.5392764077244006	-0.6392147182008955
J064204+675835	Cowie_Dec_25_2003	J064204+675835	3.177	3470	6541	830	1565	4173	6541	45.44	2	12.0	71700	2.60	1.7313142581008147	1.1872330741030006
J064204+675835	Cowie_Dec_25_2003	J064204+675835_spec2	3.177	3470	6541	830	1565	4173	6541	45.52	2	12.0	71700	2.60	1.7313142581008147	1.1872330741030006
J064204+675835	Cowie_Dec_8_9_1999	J064204+675835	3.177	3470	6541	830	1565	4106	6514	20.55	2	8.0	71700	2.60	1.7314837004823627	1.1872301652209138
J064204+675835	Cowie_Oct_2_3_4_1997	J064204+675835	3.177	3470	6541	830	1565	4174	6541	18.09	2	8.0	71700	2.60	1.7313229847470748	1.1872437400039848
J064204+675835	Sargent_Feb_22_1995	J064204+675835	3.177	3470	6541	830	1565	4087	6076	19.19	2	5.0	95600	2.60	1.7312691704284717	1.1871971978905984
J064204+675835	Tytler_Feb_3_4_1998	J064204+675835	3.177	3470	6541	830	1565	3539	5103	69.48	2	7.0	71700	2.60	1.7314327950458464	1.1872335589166816
J064204+675835	Tytler_Oct_27_28_29_1998	J064204+675835	3.177	3470	6541	830	1565	3470	5036	39.98	2	10.0	71700	2.60	1.73122480997665	1.187248588140796
J064632+445116	Sargent_Nov_10_11_12_1999	J064632+445116	3.408	4493	5900	1019	1338	4493	5900	7.50	2	6.0	95600	2.60	1.7738421142077434	0.782860648590521
J073149+285448	Prochaska_Jan_5_2006	J073149+285448	3.675	4160	8768	889	1875	4160	8768	22.07	1	9.0	71600	2.60	1.9714628365289744	0.5046367429027426
J074110+311200	Wolfe_Dec_26_2006	J074110+311200	0.631	3076	5934	1885	3638	3076	5934	-1.00	1	4.0	102700	1.30	2.0121893674037405	0.5445621191694752
J074521+473436	Milutinovic_Oct_29_30_2007	J074521+473436	3.22	3575	6591	847	1561	3627	5535	23.23	1	7.0	47700	1.30	2.030534232283244	0.8303636626929957
J074521+473436	Cowie_Feb_13_14_15_16_1999	J074521+473436	3.22	3575	6591	847	1561	4154	6513	19.80	2	9.0	71700	2.60	2.0305335050627225	0.8303752982213423
J074521+473436	Cowie_Feb_13_14_15_16_1999	J074521+473436_spec2	3.22	3575	6591	847	1561	4178	6547	43.19	2	12.0	71700	2.60	2.030513870108638	0.8303592993698656
J074521+473436	Cowie_Feb_22_23_24_1998	J074521+473436	3.22	3575	6591	847	1561	4176	6544	47.48	2	13.0	71700	2.60	2.030524051195941	0.8303529967920111
J074521+473436	Cowie_Feb_22_23_24_1998	J074521+473436_spec2	3.22	3575	6591	847	1561	4152	6591	38.88	2	12.0	71700	2.60	2.0305233239754195	0.8303694804571689
J074521+473436	Cowie_Nov_28_1997	J074521+473436	3.22	3575	6591	847	1561	3836	6282	33.19	2	12.0	71700	2.60	2.0303342466397867	0.83039614520963
J074521+473436	Cowie_Nov_28_1997	J074521+473436_spec2	3.22	3575	6591	847	1561	3845	6295	36.22	2	12.0	71700	2.60	2.0305145973291596	0.830360753810909
J074521+473436	Tytler_Dec_14_15_1998	J074521+473436	3.22	3575	6591	847	1561	3575	5128	78.16	2	14.0	71700	2.60	2.030516051770203	0.8303617234382712
J074711+273903	Wolfe_Oct_31_Nov_1_2003	J074711+273903	4.154	5822	8185	1129	1588	5822	8185	6.75	2	5.0	71700	2.60	2.03853729412416	0.4826499576507441
J074749+443417	Wolfe_Jan_15_2011	J074749+443417	4.435	4850	9459	892	1740	4850	9459	3.04	1	7.0	47700	1.30	2.041318185399004	0.7779000350054083
J074749+443417	Wolfe_Jan_24_25_26_2011	J074749+443417	4.435	4850	9459	892	1740	4908	7983	8.45	1	5.0	47700	1.30	2.041334184250481	0.777810829288084
J074927+415242	Hamann_Mar_27_28_29_2007	J074927+415242	3.111	3571	8127	868	1976	3571	8127	17.68	1	6.0	47700	1.30	2.0484725808911377	0.7309235285606186
J075054+425219	Sargent_Oct_12_13_14_1999	J075054+425219	1.896	3027	4890	1045	1688	3307	4375	10.73	2	11.0	95600	2.60	2.0395364951209265	0.7505046683269516
J075054+425219	Sargent_Oct_12_13_14_1999	J075054+425219_spec2	1.896	3027	4890	1045	1688	3340	4890	12.12	2	11.0	95600	2.60	2.039540858444057	0.7504818820839395
J075054+425219	Tytler_Mar_1_2_2001	J075054+425219	1.896	3027	4890	1045	1688	3027	4582	7.14	2	9.0	71700	2.60	2.0547397673468404	0.7482517391508356
J080117+521034	Cowie_Dec_8_9_1999	J080117+521034	3.235	4043	6759	954	1595	4154	6589	23.32	2	6.0	71700	2.60	2.100119782339737	0.9106085687492025
J080117+521034	Cowie_Feb_13_14_15_16_1999	J080117+521034	3.235	4043	6759	954	1595	4154	6513	9.32	2	4.0	71700	2.60	2.1000426969644406	0.9106541412352269
J080117+521034	Cowie_Feb_13_14_15_16_1999	J080117+521034_spec2	3.235	4043	6759	954	1595	4178	6547	9.01	2	8.0	71700	2.60	2.100041242523397	0.9106551108625891
J080117+521034	Sargent_April_13_14_15_1999	J080117+521034	3.235	4043	6759	954	1595	4043	5596	8.62	2	5.0	95600	2.60	2.083359530976939	0.9130912996101646
J080117+521034	Sargent_Dec_18_22_1998	J080117+521034	3.235	4043	6759	954	1595	4224	6664	39.66	2	9.0	95600	2.60	2.0834387980138005	0.9130728766902823
J080117+521034	Sargent_Dec_18_22_1998	J080117+521034_spec2	3.235	4043	6759	954	1595	4306	6759	42.25	2	8.0	95600	2.60	2.083434434690671	0.9130767551997313
J080342+302254	Cowie_Oct_25_26_2001	J080342+302254	2.03	3849	6080	1270	2006	3849	6080	-1.00	2	8.0	95600	2.60	2.110513218035363	0.530256237067295
J080447+101523	Hamann_Jan_1_2_1998	J080447+101523	1.948	3400	4920	1153	1668	3400	4914	-1.00	2	3.0	95600	2.60	2.1034010013334856	0.18149436484648476
J080447+101523	Hamann_Jan_1_2_1998	J080447+101523_spec2	1.948	3400	4920	1153	1668	3406	4920	-1.00	2	3.0	95600	2.60	2.1034010013334856	0.18149388003280365
J080518+614423	Prochaska_Jan_5_2006	J080518+614423	3.033	3987	8534	988	2116	3987	8534	8.55	1	6.0	71600	2.60	2.117536713833597	1.0775648257402557
J081240+320808	Prochaska_April_10_11_2007	J081240+320808	2.711	3331	7177	897	1933	3331	6190	29.51	1	7.0	47700	1.30	2.1496849514348106	0.560831496680149
J081240+320808	Wolfe_Mar_11_12_2003	J081240+320808	2.711	3331	7177	897	1933	4714	7173	-1.00	2	8.0	95600	2.60	2.149690041978462	0.5608508892273933
J081240+320808	Wolfe_Mar_11_12_2003	J081240+320808_spec2	2.711	3331	7177	897	1933	4720	7177	-1.00	2	8.0	95600	2.60	2.149722039681415	0.560871251402
J081240+320808	Wolfe_Mar_2_3_2002	J081240+320808	2.711	3331	7177	897	1933	4311	6766	15.82	2	8.0	95600	2.60	2.1497213124608936	0.560871251402
J081240+320808	Wolfe_Nov_1_2002	J081240+320808	2.711	3331	7177	897	1933	4314	6770	20.16	2	9.0	95600	2.60	2.1497584007074986	0.5608639791967833
J081336+481302	Roth_Nov_11_12_1996	J081336+481302_spec2	0.87	3857	6080	2062	3251	3859	6080	-1.00	2	3.0	95600	2.60	2.1537217525505694	0.8415487991298737
J081336+481302	Roth_Nov_11_12_1996	J081336+481302	0.87	3857	6080	2062	3251	4100	6078	-1.00	2	2.0	95600	2.60	2.153759568017696	0.8415478295025114
J081336+481302	Wolfe_Nov_8_9_1999	J081336+481302	0.87	3857	6080	2062	3251	3857	5978	-1.00	2	6.0	71700	2.60	2.1379926998874916	0.8441968514560939
J081435+502946	Wolfe_Dec_27_2006	J081435+502946	3.883	4024	9725	824	1991	4024	8574	15.72	1	6.0	47700	1.30	2.1580748945932515	0.8812046189899092
J081435+502946	Wolfe_Mar_24_25_2008	J081435+502946	3.883	4024	9725	824	1991	5219	9725	27.53	1	5.0	47700	1.30	2.1580465329929064	0.8813253375965056
J081740+135134	Wolfe_Jan_15_2011	J081740+135134	4.389	4935	8006	915	1485	4935	8006	3.15	1	3.0	47700	1.30	2.171495749320566	0.24192348131470176
J082107+310751	Sargent_April_7_8_9_2007	J082107+310751	2.625	3058	5981	843	1649	3101	5981	34.00	1	9.0	47700	1.30	2.1865295791649326	0.5433229354005592
J082107+310751	Steidel_Sep_24_25_2008	J082107+310751	2.625	3058	5981	843	1649	3058	5897	18.82	1	5.0	47700	1.30	2.1865201252981508	0.5433360253699492
J082540+354414	Wolfe_Mar_24_25_2008	J082540+354414	3.846	5180	9716	1068	2004	5180	9716	18.12	1	6.0	71600	1.30	2.206360882790718	0.6237263755304892
J082619+314848	Wolfe_Dec_27_2006	J082619+314848	3.093	3842	8362	938	2043	3842	8362	19.76	1	6.0	47700	1.30	2.20931121644711	0.5552619571115627
J082849+085854	Wolfe_Apr_14_15_2012	J082849+085854	2.271	3153	5992	963	1831	3153	5992	6.60	1	4.0	95500	2.60	2.2201482566609516	0.1567611100910007
J083052+241059	Wolfe_Dec_26_2006	J083052+241059	0.941	3051	5936	1571	3058	3051	5936	-1.00	1	2.0	102700	1.30	2.2290843424311624	0.42207879077396204
J083102+335803	Pettini_Dec_9_2009	J083102+335803	2.427	3123	5979	911	1744	3123	5979	14.31	1	4.0	71600	2.60	2.2298450150968234	0.5928422896027683
J083141+524517	Chaffee_April_20_1998	J083141+524517	3.911	4397	7783	895	1584	4423	5952	46.79	2	5.0	95600	2.60	2.216429978133682	0.9237130825495933
J083141+524517	Chaffee_May_18_1998	J083141+524517	3.911	4397	7783	895	1584	4410	5954	30.08	2	7.0	95600	2.60	2.2163812543587307	0.923689326679219
J083141+524517	Chaffee_May_18_1998	J083141+524517_spec2	3.911	4397	7783	895	1584	4397	5899	32.70	2	10.0	95600	2.60	2.2163805271382087	0.923689326679219
J083141+524517	Cowie_Oct_18_19_20_21_1998	J083141+524517	3.911	4397	7783	895	1584	5343	7766	106.43	2	13.0	71700	2.60	2.2164096159590754	0.9237009622075656
J083141+524517	Cowie_Oct_18_19_20_21_1998	J083141+524517_spec2	3.911	4397	7783	895	1584	5301	7783	107.72	2	4.0	71700	2.60	2.21643361423629	0.9237150218043179
J083712+145917	Sargent_Apr_4_5_2002	J083712+145917	2.512	3105	4648	884	1323	3105	4648	6.65	2	5.0	95600	2.60	2.256719449474928	0.2615438909892047
J083933+111207	Wolfe_Mar_11_12_2000	J083933+111207	2.696	4061	6517	1098	1763	4061	6517	4.05	2	5.0	71700	2.60	2.2550213895568416	0.19859713707498589
J084044+363327	Becker_Dec_26_27_1997	J084044+363327	1.225	3882	6423	1744	2886	3882	6288	-1.00	2	6.0	71700	2.60	2.2721525233856874	0.6380564983167247
J084044+363327	Becker_Dec_26_27_1997	J084044+363327_spec2	1.225	3882	6423	1744	2886	4031	6423	-1.00	2	9.0	71700	2.60	2.272151796165166	0.6380501957388703
J084424+124548	Chaffee_Nov_2_1997	J084424+124548	0.072	3403	7191	3174	6708	4791	7191	-1.00	2	5.0	71700	2.60	2.2761216929929318	0.225928508347536
J084424+124548	Sargent_Dec_28_29_30_31_1997	J084424+124548	0.072	3403	7191	3174	6708	3403	4917	-1.00	2	3.0	71700	2.60	2.27615587235745	0.22588051179310614
J084424+124548	Wolfe_Feb_25_26_1998	J084424+124548	0.072	3403	7191	3174	6708	4778	7174	-1.00	2	6.0	71700	2.60	2.2761144207877146	0.2259299627885793
J084547+132858	Steidel_Mar_1_1998	J084547+132858	1.883	3931	6082	1363	2109	3931	6082	-1.00	2	8.0	95600	2.60	2.2820870829321436	0.23848857638404072
J085141+161221	Hamann_Dec_16_1998	J085141+161221	1.926	3400	4921	1161	1681	3406	4921	4.31	2	4.0	95600	2.60	2.307739786833852	0.28613703459084816
J085141+161221	Hamann_Dec_16_1998	J085141+161221_spec2	1.926	3400	4921	1161	1681	3406	4921	4.41	2	5.0	95600	2.60	2.307739786833852	0.28613703459084816
J085141+161221	Hamann_Jan_1_2_1998	J085141+161221	1.926	3400	4921	1161	1681	3400	4914	3.19	2	5.0	95600	2.60	2.3077310601875927	0.28619569704626235
J085141+161221	Hamann_Jan_1_2_1998	J085141+161221_spec2	1.926	3400	4921	1161	1681	3406	4921	2.87	2	5.0	95600	2.60	2.3077310601875927	0.28619569704626235
J090033+421546	Prochaska_Mar_19_2005	J090033+421546	3.29	3545	8085	826	1884	3545	8085	13.22	1	10.0	71600	2.60	2.358634315042529	0.7376333499071747
J090033+421546	Becker_Dec_26_27_1997	J090033+421546	3.29	3545	8085	826	1884	3943	6286	34.06	2	11.0	71700	2.60	2.3586168617500087	0.737648379131289
J090033+421546	Becker_May_8_1997	J090033+421546	3.29	3545	8085	826	1884	3932	6298	16.64	2	11.0	71700	2.60	2.3586255883962686	0.73769249717627
J090033+421546	Wolfe_Mar_2_3_2002	J090033+421546	3.29	3545	8085	826	1884	5127	7600	-1.00	2	15.0	95600	2.60	2.358592136252272	0.7376202599377846
J092708+582319	Wolfe_Jan_24_25_26_2011	J092708+582319	1.91	2995	5880	1029	2020	2995	5880	5.48	1	3.0	47700	1.30	2.474625261027463	1.019039572597756
J092759+154321	Wolfe_Jan_24_25_26_2011	J092759+154321	1.805	3074	5967	1095	2127	3074	5967	2.37	1	3.0	47700	1.30	2.4783137235133443	0.27436721285455196
J092914+282529	Wolfe_Apr_27_28_2007	J092914+282529	3.399	4306	7424	978	1687	4306	7424	36.53	1	8.0	71600	1.30	2.4837984206877364	0.4961093550657071
J093337+284532	Sargent_Dec_28_29_30_31_1997	J093337+284532	3.425	3847	6890	869	1557	3847	5358	8.19	2	5.0	71700	2.60	2.4900488810714414	0.5058206579120121
J093337+284532	Steidel_Feb_1_2000	J093337+284532	3.425	3847	6890	869	1557	4466	6884	18.16	2	7.0	71700	2.60	2.5028763238530782	0.501942633276817
J093337+284532	Steidel_Feb_1_2000	J093337+284532_spec2	3.425	3847	6890	869	1557	4438	6890	13.46	2	11.0	71700	2.60	2.502874869412035	0.5019431180904981
J093643+292713	Prochaska_Feb_5_2010	J093643+292713	2.923	2995	5869	763	1496	2995	5869	13.59	1	9.0	47700	1.30	2.5164077160996854	0.5140959426348709
J093748+730158	Hamann_Dec_27_2003	J093748+730158	2.525	4070	7307	1154	2072	4075	6521	9.41	2	10.0	95600	2.60	2.521186282147542	1.2746624340995698
J093748+730158	Steidel_Feb_27_28_1998	J093748+730158	2.525	4070	7307	1154	2072	4901	7307	-1.00	2	9.0	95600	2.60	2.5211673744139786	1.2746648581679754
J093748+730158	Wolfe_Mar_11_12_2003	J093748+730158	2.525	4070	7307	1154	2072	4070	6514	9.05	2	10.0	95600	2.60	2.521182646044934	1.2746600100311642
J093857+412821	Hamann_Jan_1_2_1998	J093857+412821	1.935	3108	4921	1058	1676	3401	4914	8.60	2	8.0	95600	2.60	2.5124021854663585	0.7277882384848833
J093857+412821	Hamann_Jan_1_2_1998	J093857+412821_spec2	1.935	3108	4921	1058	1676	3406	4921	6.71	2	9.0	95600	2.60	2.5124021854663585	0.7277882384848833
J093857+412821	Sargent_Apr_4_5_2002	J093857+412821	1.935	3108	4921	1058	1676	3108	4646	5.97	2	9.0	95600	2.60	2.5261364722385107	0.7237705875095285
J094202+042244	Wolfe_Mar_17_18_2005	J094202+042244	3.275	3364	6200	786	1450	3364	6200	44.67	1	3.0	95500	2.60	2.539601687417647	0.0764289375721939
J095122+263513	Sargent_April_13_14_15_1999	J095122+263513	1.246	3584	5129	1595	2283	3584	5129	-1.00	2	4.0	95600	2.60	2.580371124303191	0.46404474782448457
J095309+523029	Wolfe_Mar_17_18_2005	J095309+523029	1.875	3156	6039	1097	2100	3156	6039	7.85	1	3.0	95500	2.60	2.5881080234331777	0.9164418469603125
J095355-050418	Wolfe_Apr_5_6_1997	J095355-050418	0.0	6031	8388	6031	8388	6031	8388	-1.00	2	7.0	71700	2.60	2.5805420211257823	-0.08439782004859134
J095500-013000	Wolfe_Mar_19_20_1999	J095500-013000	4.5	5706	8155	1037	1482	5706	8155	17.09	2	6.0	71700	2.60	2.585013700113496	-0.022042538825326162
J095714+544017	Steidel_Feb_27_28_1998	J095714+544017	2.589	4162	6525	1159	1818	4162	6525	10.60	2	6.0	95600	2.60	2.6059489244911678	0.9542544052047697
J095820+322402	Wolfe_Dec_26_2006	J095820+322402	0.53	3078	5934	2011	3878	3078	5934	-1.00	1	5.0	102700	1.30	2.6108183931042324	0.5653931086057087
J095822+014524	Wolfe_Jan_15_16_2012	J095822+014524	1.96	3169	6030	1070	2037	3169	6030	8.82	1	6.0	47700	1.30	2.6108707529817923	0.030635861322992685
J095852+120245	Prochaska_Apr_7_2006	J095852+120245	3.297	3608	8564	839	1993	5444	8564	-1.00	1	6.0	47700	1.30	2.613062595634088	0.2102350894900203
J095852+120245	Prochaska_Jan_3_4_2006	J095852+120245	3.297	3608	8564	839	1993	3608	6495	41.13	1	10.0	71600	2.60	2.613077867265043	0.21026708719297352
J095852+120245	Cowie_Apr_1_2_3_4_1997	J095852+120245	3.297	3608	8564	839	1993	4337	6774	12.51	2	12.0	71700	2.60	2.6013565268968586	0.21441127453909783
J095852+120245	Sargent_Nov_10_11_12_1999	J095852+120245	3.297	3608	8564	839	1993	4382	6792	16.91	2	10.0	95600	2.60	2.6130655045161753	0.21023945281315026
J100110+552834	Steidel_Feb_27_28_1998	J100110+552834	2.102	4162	6525	1341	2103	4162	6525	-1.00	2	6.0	95600	2.60	2.6059489244911678	0.9542544052047697
J100120+555355	Lu_Jan_3_4_1998	J100120+555355	1.414	3504	6777	1451	2807	4305	6757	-1.00	2	7.0	95600	2.60	2.623884364216975	0.9756220833859913
J100120+555355	Lu_Jan_3_4_1998	J100120+555355_spec2	1.414	3504	6777	1451	2807	4327	6777	-1.00	2	8.0	95600	2.60	2.623884364216975	0.9756220833859913
J100120+555355	Sargent_Dec_28_29_30_31_1997	J100120+555355	1.414	3504	6777	1451	2807	3504	5045	-1.00	2	6.0	71700	2.60	2.6238661837039334	0.9755886312419948
J100120+555355	Sargent_Dec_28_29_30_31_1997	J100120+555355_spec2	1.414	3504	6777	1451	2807	3504	5045	-1.00	2	6.0	71700	2.60	2.6239178163609718	0.9755973578882547
J100205+554257	Cohen_Dec_25_1997	J100205+554257	1.15	3840	6191	1786	2879	3840	6179	-1.00	2	5.0	95600	2.60	2.612349919522857	0.9766615239182903
J100205+554257	Cohen_Dec_25_1997	J100205+554257_spec2	1.15	3840	6191	1786	2879	3996	6191	-1.00	2	12.0	95600	2.60	2.612333920671381	0.9766557061541169
J100841+362319	Hamann_Mar_27_28_29_2007	J100841+362319	3.125	3542	7993	858	1937	3571	7993	19.75	1	5.0	47700	1.30	2.655876976626552	0.6350724701094955
J100841+362319	Tytler_Mar_1_2_2001	J100841+362319	3.125	3542	7993	858	1937	3542	5059	35.42	2	13.0	71700	2.60	2.6558886121548992	0.6351301629375475
J101155+294141	Sargent_April_30_May_1_2005	J101155+294141	2.652	3048	7050	834	1930	3101	5980	80.42	1	3.0	47700	1.30	2.6575735821035953	0.522590363141591
J101155+294141	Steidel_May_31_Jun_1_2005	J101155+294141	2.652	3048	7050	834	1930	3101	5983	41.41	1	53.0	71600	2.60	2.6700170524497935	0.5182449781178062
J101155+294141	Tytler_Dec_6_7_2005	J101155+294141	2.652	3048	7050	834	1930	3048	5896	39.76	1	10.0	35800	1.30	2.6575837631908987	0.5225879390731855
J101155+294141	Sargent_Jan_24_1996	J101155+294141	2.652	3048	7050	834	1930	3945	6076	9.30	2	3.0	95600	2.60	2.657559764913684	0.5225918175826344
J101155+294141	Sargent_Jun_7_8_2003	J101155+294141	2.652	3048	7050	834	1930	4582	7020	-1.00	2	11.0	95600	2.60	2.6575714004420306	0.5225908479552721
J101155+294141	Sargent_Jun_7_8_2003	J101155+294141_spec2	2.652	3048	7050	834	1930	4612	7050	-1.00	2	15.0	95600	2.60	2.6575714004420306	0.5225816364953311
J101336+561536	Prochaska_Jan_5_2006	J101336+561536	3.632	3899	8368	841	1806	3899	8368	10.11	1	5.0	47700	1.30	2.6773299820156495	0.9819474474834274
J101447+430030	Prochaska_Apr_14_2005	J101447+430030	3.125	3500	7057	848	1710	3500	6401	54.33	1	7.0	71600	2.60	2.682536153730244	0.7506350832071701
J101447+430030	Wolfe_Apr_27_28_2007	J101447+430030	3.125	3500	7057	848	1710	3975	7057	38.86	1	9.0	71600	1.30	2.6824990654836394	0.7505720574286259
J101549+002019	Wolfe_Mar_2_3_2002	J101549+002019	4.402	6215	8554	1150	1583	6215	8554	3.75	2	8.0	95600	2.60	2.6758115455664147	0.010268353765899973
J101556-003504	Wolfe_Feb_25_26_1998	J101556-003504	2.462	6210	8549	1793	2469	6210	8549	-1.00	2	9.0	71700	2.60	2.6763816864553993	-0.005830369329023279
J101723-204658	Sargent_April_7_8_9_2007	J101723-204658	2.545	3128	5981	882	1687	3128	5981	40.11	1	11.0	47700	1.30	2.693904064924901	-0.36273517213774925
J101939+524627	Prochaska_April_10_11_2007	J101939+524627	2.17	3118	5974	983	1884	3118	5974	12.21	1	5.0	47700	1.30	2.703762266316582	0.9210955734852829
J102009+104002	Prochaska_Apr_6_2006	J102009+104002	3.167	3616	6524	867	1565	3616	6524	31.45	1	10.0	71600	2.60	2.7059904699949615	0.1861771801923218
J102009+104002	Cowie_May_25_26_1996	J102009+104002	3.167	3616	6524	867	1565	3806	6084	6.39	2	8.0	71700	2.60	2.6943600321919843	0.19056135031059532
J102009+104002	Hamann_Dec_27_2003	J102009+104002	3.167	3616	6524	867	1565	4075	6523	18.76	2	13.0	95600	2.60	2.7059861066718316	0.18617621056495956
J102156+300140	Wolfe_Mar_2_3_2002	J102156+300140	3.129	4722	7185	1143	1740	4722	7185	14.07	2	13.0	95600	2.60	2.713731732448078	0.5240855285341328
J102325+514251	Hamann_Mar_27_28_29_2007	J102325+514251	0.597	3584	7975	2244	4993	3584	7975	-1.00	1	6.0	47700	1.30	2.72018654179837	0.9025815086310721
J102410+060013	Wolfe_Apr_14_15_2012	J102410+060013	2.13	3128	5992	999	1914	3128	5992	7.39	1	4.0	95500	2.60	2.723451761940643	0.10479005310342066
J103456+035859	Cowie_May_25_26_1996	J103456+035859	3.369	4045	6089	925	1393	4045	6089	8.97	2	8.0	71700	2.60	2.759129200733494	0.07403783649696169
J103514+544040	Prochaska_Jan_11_12_2008	J103514+544040	2.989	3299	7801	827	1955	3368	6262	6.79	1	5.0	47700	1.30	2.771782837810453	0.9542636166647107
J103514+544040	Wolfe_Mar_24_25_2008	J103514+544040	2.989	3299	7801	827	1955	3299	7801	15.65	1	5.0	47700	1.30	2.7717202968455896	0.9542771914477818
J104018+572448	Prochaska_Jan_3_4_2006	J104018+572448	3.408	3794	6657	860	1510	3794	6657	17.34	1	5.0	71600	2.60	2.7938568895250504	1.002013885744551
J104117+061016	Steidel_Mar_1_1998	J104117+061016	1.27	3975	6408	1751	2822	3975	6408	-1.00	2	11.0	95600	2.60	2.7867803066287355	0.1122809092902441
J104213+062853	Wolfe_Apr_14_15_2012	J104213+062853	2.035	3128	5992	1030	1974	3128	5992	5.97	1	5.0	95500	2.60	2.8022730126222717	0.11311042549862252
J104459+365605	Becker_Dec_26_27_1997	J104459+365605	0.7	3847	6284	2262	3696	3847	6284	-1.00	2	6.0	71700	2.60	2.814283059537558	0.6446344503420189
J104459+365605	Becker_May_8_1997	J104459+365605	0.7	3847	6284	2262	3696	3892	6084	-1.00	2	7.0	71700	2.60	2.814299058389034	0.6446819620827677
J105123+354534	Wolfe_Apr_4_2010	J105123+354534	4.912	5127	9713	867	1642	5127	9713	11.97	1	12.0	47700	1.30	2.842209054789989	0.6241156809164201
J105427+253600	Becker_Dec_26_27_1997	J105427+253600	2.4	3882	6424	1141	1889	3882	6288	3.42	2	4.0	71700	2.60	2.8555979118143506	0.44683240770405275
J105427+253600	Becker_Dec_26_27_1997	J105427+253600_spec2	2.4	3882	6424	1141	1889	4031	6424	-1.00	2	4.0	71700	2.60	2.855597184593829	0.44683628621350163
J105648+120826	Prochaska_Apr_6_2006	J105648+120826	1.923	3074	5975	1051	2044	3101	5975	4.14	1	4.0	47700	1.30	2.8658677200212934	0.21187472935953275
J105648+120826	Prochaska_Jun_2_3_2006	J105648+120826	1.923	3074	5975	1051	2044	3074	5966	5.04	1	5.0	47700	1.30	2.865907717149985	0.21187036603640277
J105648+120826	Wolfe_Jan_24_25_26_2011	J105648+120826	1.923	3074	5975	1051	2044	3074	5966	5.32	1	12.0	47700	1.30	2.8658626294776424	0.2118926674657338
J105756+455553	Cowie_Feb_22_23_24_1998	J105756+455553	4.137	3927	8003	764	1557	3927	6393	36.63	2	8.0	71700	2.60	2.870788094070874	0.8016520268703266
J105756+455553	Cowie_Feb_22_23_24_1998	J105756+455553_spec2	4.137	3927	8003	764	1557	3936	6391	42.22	2	10.0	71700	2.60	2.870788821291396	0.8016505724292833
J105756+455553	Cowie_Feb_22_23_24_1998	J105756+455553_spec3	4.137	3927	8003	764	1557	5590	7942	44.83	2	7.0	71700	2.60	2.8708048201428724	0.8016491179882399
J105756+455553	Cowie_Feb_22_23_24_1998	J105756+455553_spec4	4.137	3927	8003	764	1557	5637	8003	51.33	2	10.0	71700	2.60	2.8708048201428724	0.8016491179882399
J105756+455553	Sargent_May_22_23_24_1996	J105756+455553	4.137	3927	8003	764	1557	4607	7054	21.67	2	10.0	95600	2.60	2.8582166329128635	0.8063367814708879
J105756+455553	Sargent_May_22_23_24_1996	J105756+455553_spec2	4.137	3927	8003	764	1557	4586	7025	30.39	2	10.0	95600	2.60	2.8581926346356488	0.8063256307562224
J110045+112239	Wolfe_Jan_15_2011	J110045+112239	4.706	5362	8391	939	1470	5362	8391	7.39	1	12.0	47700	1.30	2.883096301400043	0.19860634853492698
J110610+640009	Sargent_April_7_8_9_2007	J110610+640009	2.202	3128	5981	976	1867	3128	5981	32.56	1	7.0	47700	1.30	2.906763693277607	1.1170592026444819
J110610+640009	Tytler_Apr_9_1997	J110610+640009	2.202	3128	5981	976	1867	3168	4713	18.74	2	10.0	71700	2.60	2.893142852906835	1.1217880752900242
J110621+104432	Wolfe_Apr_14_15_2012	J110621+104432	1.859	3325	6184	1162	2162	3325	6184	8.05	1	5.0	95500	2.60	2.9075556364256996	0.18748375306291196
J111038+483115	Sargent_Feb_22_1995	J111038+483115	2.954	3926	6076	992	1536	3926	6076	11.80	2	8.0	95600	2.60	2.913795915722101	0.8515970474845498
J111113-080402	Prochaska_Apr_7_2006	J111113-080402	3.922	4158	8751	844	1777	4158	8751	10.87	1	6.0	47700	1.30	2.928778840129951	-0.14080831591409143
J111113-080402	Wolfe_Mar_19_20_1999	J111113-080402	3.922	4158	8751	844	1777	6060	8348	-1.00	2	9.0	71700	2.60	2.9177614492267367	-0.1360556873981746
J111909+211917	Prochaska_Jun_2_3_2006	J111909+211917	1.183	3051	5932	1397	2717	3051	5932	-1.00	1	6.0	102700	1.30	2.9633269054526568	0.3721313460913332
J112442-170517	Sargent_April_30_May_1_2005	J112442-170517	2.397	3126	6141	920	1807	3127	5980	52.10	1	3.0	47700	1.30	2.987572437644945	-0.2982476803449643
J112442-170517	Sargent_April_7_8_9_2007	J112442-170517	2.397	3126	6141	920	1807	3126	5981	18.54	1	11.0	47700	1.30	2.987628433625113	-0.2982510740407321
J112442-170517	Cowie_Feb_22_23_24_1998	J112442-170517	2.397	3126	6141	920	1807	3952	6095	8.24	2	7.0	71700	2.60	2.9876262519635484	-0.29826173994171645
J112442-170517	Cowie_Feb_22_23_24_1998	J112442-170517_spec2	2.397	3126	6141	920	1807	3940	6141	12.62	2	8.0	71700	2.60	2.9876262519635484	-0.29826173994171645
J112442-170517	Tytler_Apr_9_1997	J112442-170517	2.397	3126	6141	920	1807	3167	4713	28.59	2	10.0	71700	2.60	2.9767099447128453	-0.2935255950909575
J113130+604420	Wolfe_Dec_26_2006	J113130+604420	2.921	3597	6423	917	1638	3597	6423	21.06	1	16.0	47700	1.30	3.017373934622748	1.0600005108873383
J113418+574204	Prochaska_Jan_5_2006	J113418+574204	3.521	3973	8534	878	1887	3973	8534	29.31	1	10.0	71600	2.60	3.0295352434065403	1.0070816431531893
J113508+222715	Wolfe_Dec_26_2006	J113508+222715	2.886	3433	6311	883	1624	3433	6311	17.27	1	7.0	47700	1.30	3.0330462640851357	0.39190738095747224
J113508+222715	Sargent_Dec_18_19_20_21_22_1998	J113508+222715	2.886	3433	6311	883	1624	3842	6079	7.87	2	7.0	95600	2.60	3.021667444582654	0.39668909829425564
J113508+222715	Sargent_Dec_18_19_20_21_22_1998	J113508+222715_spec2	2.886	3433	6311	883	1624	3939	6088	17.06	2	6.0	95600	2.60	3.0216798073315223	0.39671527823303554
J114308+345222	Sargent_Mar_13_14_15_1999	J114308+345222	3.145	4224	6758	1019	1630	4306	6758	27.39	2	8.0	95600	2.60	3.0565958462381904	0.6134977764864401
J114308+345222	Sargent_Mar_13_14_15_1999	J114308+345222_spec2	3.145	4224	6758	1019	1630	4224	6663	39.98	2	12.0	95600	2.60	3.056596573458712	0.6134875953991368
J115538+053050	Prochaska_April_15_2005	J115538+053050	3.475	5057	8140	1130	1818	5057	8140	18.61	1	4.0	47700	1.30	3.122582381932966	0.09622484979925848
J115940-003203	Wolfe_Apri_14_15_2012	J115940-003203	2.035	3154	5992	1039	1974	3154	5992	4.56	1	4.0	95500	2.60	3.1401949357471537	-0.009321997460374157
J115944+011207	Wolfe_Mar_2_3_2002	J115944+011207	2.002	3848	6160	1281	2051	3848	6160	-1.00	2	11.0	95600	2.60	3.1292989906710575	0.025824570351661653
J120006+312630	Tytler_Apr_9_1997	J120006+312630	2.989	3436	6178	861	1548	3436	4985	33.22	2	10.0	71700	2.60	3.1308763319825474	0.5537047355678388
J120006+312630	Tytler_Jan_6_7_1997	J120006+312630	2.989	3436	6178	861	1548	3969	6178	48.84	2	11.0	71700	2.60	3.130843607059073	0.5536179539189202
J120147+120630	Cowie_Apr_1_2_3_4_1997	J120147+120630	3.509	4643	7126	1029	1580	4643	7126	21.77	2	10.0	71700	2.60	3.1493913664641213	0.21131525437153234
J120147+120630	Cowie_Apr_1_2_3_4_1997	J120147+120630_spec2	3.509	4643	7126	1029	1580	4672	7059	22.56	2	14.0	71700	2.60	3.149439363018551	0.21133076840932782
J120207+323538	Wolfe_Apr_4_2010	J120207+323538	5.292	5123	9709	814	1543	5123	9709	18.03	1	5.0	47700	1.30	3.150893076841357	0.5688532238477875
J120416+022111	Prochaska_Apr_14_2005	J120416+022111	2.529	3455	6422	979	1819	3455	6309	10.89	1	3.0	71600	2.60	3.1602545866167424	0.041056931398442166
J120416+022111	Prochaska_May_2_3_2005	J120416+022111	2.529	3455	6422	979	1819	3568	6422	12.80	1	3.0	71600	2.60	3.1602473144115257	0.04107244543623768
J120917+113830	Prochaska_Apr_6_2006	J120917+113830	3.105	3500	6411	852	1561	3500	6400	26.28	1	10.0	71600	2.60	3.182173740360226	0.20318880744877427
J120917+113830	Cowie_Feb_13_14_15_16_1999	J120917+113830	3.105	3500	6411	852	1561	3970	6400	17.43	2	6.0	71700	2.60	3.182152650965098	0.20318735300773097
J120917+113830	Cowie_Feb_13_14_15_16_1999	J120917+113830_spec2	3.105	3500	6411	852	1561	3984	6411	14.73	2	5.0	71700	2.60	3.1821839214475296	0.20316505157839992
J121117+042222	Prochaska_May_2_3_2005	J121117+042222	2.526	3403	6302	965	1787	3403	6302	19.66	1	3.0	47700	1.30	3.190872752240374	0.07632858114020423
J121134+090220	Wolfe_Mar_11_12_2003	J121134+090220	3.291	4068	6507	948	1516	4068	6507	12.38	2	12.0	95600	2.60	3.1921650231073717	0.15772976782585754
J121303+171423	Wolfe_Mar_11_12_2000	J121303+171423	2.558	3802	6184	1068	1738	3802	6184	7.90	2	6.0	71700	2.60	3.1874337263934236	0.30574096060019335
J121930+494052	Pettini_May_7_2007	J121930+494052	2.633	3027	7052	833	1941	3127	5980	31.62	1	6.0	95500	2.60	3.2267414500304223	0.8671101156526928
J121930+494052	Steidel_May_25_2009	J121930+494052	2.633	3027	7052	833	1941	3027	5880	45.04	1	7.0	35800	1.30	3.226747995015118	0.8670916927328106
J121930+494052	Sargent_Feb_5_2003	J121930+494052	2.633	3027	7052	833	1941	3884	6182	11.71	2	8.0	95600	2.60	3.2267356322662493	0.8670970256833028
J121930+494052	Sargent_Feb_5_2003	J121930+494052_spec2	2.633	3027	7052	833	1941	3772	6200	11.37	2	10.0	95600	2.60	3.226739995589379	0.8670965408696216
J121930+494052	Sargent_Jun_7_8_2003	J121930+494052	2.633	3027	7052	833	1941	4582	7020	-1.00	2	8.0	95600	2.60	3.2267196334147727	0.867093147173854
J121930+494052	Sargent_Jun_7_8_2003	J121930+494052_spec2	2.633	3027	7052	833	1941	4612	7052	-1.00	2	10.0	95600	2.60	3.2267334506046845	0.8671038130748384
J122137+043026	Sargent_April_13_14_15_1999	J122137+043026	0.094	3585	5130	3276	4689	3585	5130	-1.00	2	4.0	95600	2.60	3.2359858773018195	0.07866150457370333
J122518+483116	Hamann_Mar_27_2007	J122518+483116	3.09	3571	8128	873	1987	3571	8128	17.52	1	4.0	47700	1.30	3.252071268020512	0.8467828476311322
J122607+173649	Wolfe_Feb_25_26_1998	J122607+173649	2.924	4784	7181	1219	1830	4784	7181	-1.00	2	11.0	71700	2.60	3.244535808975027	0.3122408576228289
J122824+312837	Sargent_April_7_8_9_2007	J122824+312837	2.2	3101	5980	969	1868	3101	5980	52.11	1	11.0	47700	1.30	3.265585934195122	0.5493826216007472
J122824+312837	Sargent_April_13_14_15_1999	J122824+312837	2.2	3101	5980	969	1868	3118	4530	38.17	2	9.0	95600	2.60	3.2547430762171063	0.5541934277583973
J123200-022404	Smith_Apr_26_27_1997	J123200-022404	1.043	3369	4909	1649	2402	3369	4908	-1.00	2	5.0	95600	2.60	3.269944894001977	-0.037171149744349236
J123200-022404	Smith_Apr_26_27_1997	J123200-022404_spec2	1.043	3369	4909	1649	2402	3372	4909	-1.00	2	5.0	95600	2.60	3.269955802309802	-0.03716775604858147
J123643-020420	Wolfe_Apr_14_15_2012	J123643-020420	1.864	3303	6185	1153	2159	3303	6185	6.40	1	5.0	95500	2.60	3.3017993345124386	-0.036162737287641404
J123748+012606	Prochaska_Apr_12_13_2012	J123748+012606	3.144	3370	6274	813	1513	3370	6274	6.61	1	3.0	47700	1.30	3.306608443822205	0.025038202560901987
J124610+303117	Tytler_April_16_17_18_1999	J124610+303117	2.56	3160	4711	887	1323	3160	4698	55.61	2	11.0	71700	2.60	3.3324611333673713	0.5374591139275394
J124610+303117	Tytler_Mar_13_14_2000	J124610+303117	2.56	3160	4711	887	1323	3161	4711	47.34	2	15.0	71700	2.60	3.3324924038498023	0.5374785064747838
J124610+303131	Prochaska_Jun_2_3_2006	J124610+303131	2.56	3189	6086	895	1709	3189	6086	18.07	1	8.0	47700	1.30	3.343097460717233	0.5326890321191027
J124913-055918	Steidel_Mar_1_1998	J124913-055918	2.226	3931	6293	1218	1950	3931	6293	-1.00	2	12.0	95600	2.60	3.345113316003287	-0.09976786818080698
J124924-023339	Prochaska_Jan_3_4_2006	J124924-023339	2.116	3075	5966	986	1914	3075	5966	7.70	1	5.0	47700	1.30	3.3572164471453454	-0.04471145692664584
J125005+263107	Steidel_Feb_27_28_1998	J125005+263107	2.047	3889	6281	1276	2061	3889	6281	-1.00	2	13.0	95600	2.60	3.3601915062994743	0.46283465287643516
J130411+295348	Prochaska_Feb_5_2010	J130411+295348	2.85	2996	5871	778	1524	2996	5871	19.35	1	9.0	47700	1.30	3.421714362432274	0.5217870268719925
J130426+120245	Wolfe_Mar_24_25_2008	J130426+120245	2.98	3606	8171	906	2053	3606	8171	11.36	1	6.0	71600	1.30	3.422745561131994	0.2102792075350013
J130542+092427	Wolfe_Apr_14_15_2012	J130542+092427	2.062	3128	5992	1021	1956	3128	5992	2.70	1	3.0	95500	2.60	3.4283371597230716	0.16421705969278427
J130554+303252	Chaffee_April_20_1998	J130554+303252	1.759	3470	5030	1257	1823	3470	5030	-1.00	2	3.0	95600	2.60	3.418832387504919	0.5377863631622883
J130554+303252	Chaffee_Jun_12_2003	J130554+303252	1.759	3470	5030	1257	1823	3470	5028	-1.00	2	5.0	95600	2.60	3.4291974616002	0.5331578469487356
J130554+303252	Chaffee_May_18_1998	J130554+303252	1.759	3470	5030	1257	1823	3475	4985	-1.00	2	11.0	95600	2.60	3.429174917764029	0.5331864509559211
J131011+460124	Sargent_April_13_14_15_1999	J131011+460124	2.133	3123	5119	996	1633	3569	5119	20.00	2	9.0	95600	2.60	3.438192452232666	0.8079007904061474
J131011+460124	Sargent_April_13_14_15_1999	J131011+460124_spec2	2.133	3123	5119	996	1633	3317	4849	9.25	2	8.0	95600	2.60	3.438209905525186	0.8078881852504385
J131011+460124	Sargent_April_13_14_15_1999	J131011+460124_spec3	2.133	3123	5119	996	1633	3123	4526	13.91	2	7.0	95600	2.60	3.4382171777304027	0.807886245995714
J131011+460124	Sargent_April_13_14_15_1999	J131011+460124_spec4	2.133	3123	5119	996	1633	3316	4852	8.73	2	8.0	95600	2.60	3.438204814981534	0.8078872156230763
J131040+542449	Wolfe_Mar_17_18_2005	J131040+542449	1.929	3244	6136	1107	2094	3244	6136	5.05	1	3.0	95500	2.60	3.4499530625090205	0.9497020047391511
J131215+423900	Sargent_April_7_8_9_2007	J131215+423900	2.566	3102	6068	869	1701	3102	5983	24.67	1	13.0	47700	1.30	3.45930802729971	0.7483448233776088
J131215+423900	Cowie_Feb_22_23_24_1998	J131215+423900	2.566	3102	6068	869	1701	3953	6068	6.04	2	5.0	71700	2.60	3.4568892918446545	0.7444396491762714
J131215+423900	Cowie_Feb_22_23_24_1998	J131215+423900_spec2	2.566	3102	6068	869	1701	3964	6061	5.47	2	5.0	71700	2.60	3.456864566346918	0.7443863196713493
J131341+144140	Prochaska_Jun_2_3_2006	J131341+144140	1.884	3243	6132	1124	2126	3244	6130	4.70	1	10.0	47700	1.30	3.4630895740123644	0.25648970836363777
J131341+144140	Wolfe_Jan_24_25_26_2011	J131341+144140	1.884	3243	6132	1124	2126	3243	6132	4.61	1	4.0	47700	1.30	3.4631252078179267	0.2565250997623588
J131855+531207	Prochaska_Jan_5_2006	J131855+531207	2.321	3838	6899	1155	2077	3838	6899	14.36	1	10.0	71600	2.60	3.4859875665780087	0.9285510382733855
J133108+303032	Smith_Apr_26_27_1997	J133108+303032	0.849	3159	4908	1708	2654	3369	4908	-1.00	2	4.0	95600	2.60	3.529110289071659	0.5369873902158198
J133108+303032	Smith_Apr_26_27_1997	J133108+303032_spec2	0.849	3159	4908	1708	2654	3159	4660	-1.00	2	4.0	95600	2.60	3.529122651820527	0.5369738154327487
J133108+303032	Smith_Apr_26_27_1997	J133108+303032_spec3	0.849	3159	4908	1708	2654	3372	4908	-1.00	2	5.0	95600	2.60	3.529118288497397	0.5370038738809776
J133532+082404	Wolfe_Apr_14_15_2012	J133532+082404	1.909	3326	6185	1143	2126	3326	6185	5.17	1	4.0	95500	2.60	3.558457273223422	0.14663141303789806
J134002+110630	Wolfe_Mar_11_12_2000	J134002+110630	2.913	4660	7044	1190	1800	4660	7044	-1.00	2	6.0	71700	2.60	3.5673351813519	0.19828443225067025
J134004+281653	Tytler_Apr_9_1997	J134004+281653	2.517	3160	4711	898	1339	3160	4711	12.09	2	10.0	71700	2.60	3.56820930041894	0.4980248539197709
J134328+572147	Prochaska_April_10_11_2007	J134328+572147	3.034	3075	6190	762	1534	3075	5966	8.43	1	8.0	47700	1.30	3.593123875491159	1.0011785517719995
J134328+572147	Prochaska_April_10_11_2007	J134328+572147_spec2	3.034	3075	6190	762	1534	3333	6190	9.05	1	9.0	47700	1.30	3.593122421050116	1.0011770973309562
J134544+262506	Prochaska_Apr_14_2005	J134544+262506	2.031	3501	6386	1155	2106	3501	6386	17.72	1	5.0	71600	2.60	3.6136460386125258	0.4939315720101631
J134916-033715	Wolfe_Apr_5_6_1997	J134916-033715	3.992	5897	8347	1181	1672	5897	8347	-1.00	2	6.0	71700	2.60	3.607077055640332	-0.05888450008020202
J135038-251216	Sargent_April_30_May_1_2005	J135038-251216	2.534	3109	5981	879	1692	3128	5981	31.03	1	4.0	47700	1.30	3.6244241739641128	-0.43991944942511185
J135038-251216	Sargent_Apr_4_5_2002	J135038-251216	2.534	3109	5981	879	1692	3109	4648	19.77	2	8.0	95600	2.60	3.624426355625678	-0.43987145287068197
J135317+532825	Wolfe_Mar_24_25_2008	J135317+532825	2.92	3497	7985	892	2036	3497	7985	12.15	1	11.0	47700	1.30	3.63585826222624	0.9332866983104634
J135405+313902	Steidel_Mar_1_1998	J135405+313902	1.32	3988	6160	1718	2655	3988	6160	-1.00	2	6.0	95600	2.60	3.6394143705771786	0.5523933145604375
J140501+444800	Ellison_May_20_2005	J140501+444800	2.218	3215	6095	999	1894	3215	6095	5.23	1	5.0	35800	1.30	3.6871149462547055	0.7818905364146207
J140501+444800	Martin_May_16_17_2005	J140501+444800	2.218	3215	6095	999	1894	3252	6095	9.30	1	4.0	35800	1.30	3.6870436786435827	0.7818929604830264
J141719+413237	Prochaska_Jun_2_3_2006	J141719+413237	2.023	3281	6188	1085	2046	3281	6183	17.00	1	6.0	71600	2.60	3.7408281812053525	0.7249913483585623
J141719+413237	Wolfe_Mar_17_18_2005	J141719+413237	2.023	3281	6188	1085	2046	3304	6188	9.99	1	16.0	71600	2.60	3.740770003563619	0.7250723122433076
J141906+592312	Prochaska_April_10_11_2007	J141906+592312	2.32	3108	5966	936	1796	3108	5966	20.39	1	6.0	47700	1.30	3.748708342778107	1.0364574737189782
J142438+225600	Cowie_Feb_13_14_15_16_1999	J142438+225600	3.62	3569	7297	772	1579	4766	7156	97.21	2	13.0	71700	2.60	3.772684803377379	0.40026605363348183
J142438+225600	Cowie_Feb_13_14_15_16_1999	J142438+225600_spec2	3.62	3569	7297	772	1579	4800	7203	114.02	2	21.0	71700	2.60	3.772699347787812	0.4002408433220641
J142438+225600	Cowie_Jul_2_3_1995	J142438+225600	3.62	3569	7297	772	1579	4711	7156	120.58	2	21.0	71700	2.60	3.7726738950695538	0.40026508400611954
J142438+225600	Cowie_May_25_26_1996	J142438+225600	3.62	3569	7297	772	1579	4865	7202	83.65	2	24.0	71700	2.60	3.7726571689975557	0.40027041695661175
J142438+225600	Sargent_Apr_24_25_26_1998	J142438+225600	3.62	3569	7297	772	1579	4154	6592	28.61	2	11.0	143400	2.60	3.762702247276493	0.4042022559104101
J142438+225600	Sargent_Apr_24_25_26_1998	J142438+225600_spec2	3.62	3569	7297	772	1579	4174	6541	25.19	2	12.0	143400	2.60	3.76270079283545	0.40420128628304786
J142438+225600	Sargent_Apr_24_25_26_1998	J142438+225600_spec3	3.62	3569	7297	772	1579	4831	7297	40.66	2	11.0	143400	2.60	3.7626964295123195	0.40417316708954354
J142438+225600	Sargent_April_13_14_15_1999	J142438+225600	3.62	3569	7297	772	1579	3569	5119	45.39	2	3.0	143400	2.60	3.762694247850755	0.4041833481768468
J142438+225600	Sargent_April_13_14_15_1999	J142438+225600_spec2	3.62	3569	7297	772	1579	3583	5130	35.44	2	5.0	143400	2.60	3.762694975071277	0.4042085584882645
J142438+225600	Sargent_Feb_22_1995	J142438+225600	3.62	3569	7297	772	1579	3989	6076	55.20	2	29.0	95600	2.60	3.7627124283637965	0.4042022559104101
J142656+602550	Wolfe_Mar_2_3_2002	J142656+602550	3.191	5616	7975	1340	1902	5616	7975	-1.00	2	14.0	95600	2.60	3.776680880143924	1.0586425477665504
J143316+313126	Prochaska_Apr_6_2006	J143316+313126	2.94	3245	6095	823	1546	3245	6095	47.55	1	12.0	71600	2.60	3.8103591897227203	0.5501995326534169
J143500+535953	Prochaska_May_2_3_2005	J143500+535953	2.635	3472	6379	955	1754	3472	6379	41.05	1	3.0	47700	1.30	3.8178684688294253	0.9424438591192603
J143912+295448	Sargent_Mar_23_24_25_1998	J143912+295448	2.992	3575	5121	895	1282	3575	5121	13.12	2	6.0	95600	2.60	3.826834370641025	0.5258313425998082
J143916-015627	Prochaska_April_10_11_2007	J143916-015627	2.162	3075	5967	972	1887	3075	5967	3.83	1	9.0	47700	1.30	3.8365442190462864	-0.033876840781209935
J144331+272436	Wolfe_Mar_19_20_1999	J144331+272436	4.443	6070	8482	1115	1558	6070	8482	12.63	2	6.0	71700	2.60	3.845566116838054	0.48210357263213366
J144453+291905	Sargent_April_7_8_9_2007	J144453+291905	2.66	2995	6083	818	1662	3102	5981	61.20	1	12.0	47700	1.30	3.8516885864099453	0.5153826381445356
J144453+291905	Steidel_May_25_2009	J144453+291905	2.66	2995	6083	818	1662	2995	5880	53.26	1	11.0	35800	1.30	3.8610770033446316	0.5117033871185953
J144453+291905	Sargent_Jun_21_1995	J144453+291905	2.66	2995	6083	818	1662	3872	6076	15.70	2	9.0	95600	2.60	3.8516893136304673	0.515371002616189
J144453+291905	Sargent_Jun_21_1995	J144453+291905_spec2	2.66	2995	6083	818	1662	3830	6083	14.93	2	13.0	95600	2.60	3.851679859763686	0.51536712410674
J144516+095836	Chaffee_Jul_13_1997	J144516+095836	3.529	4105	6542	906	1444	4126	6542	15.63	2	8.0	95600	2.60	3.8521081926509457	0.17780105422379236
J144516+095836	Chaffee_Jul_6_1997	J144516+095836	3.529	4105	6542	906	1444	4105	6512	21.49	2	7.0	95600	2.60	3.8521118287535545	0.1778301430446589
J145408+511443	Wolfe_July_14_2005	J145408+511443	3.635	4075	8565	879	1847	4075	8565	11.01	1	7.0	35800	1.30	3.901514827672297	0.8944056107128407
J145435+094100	Wolfe_Apr_14_15_2012	J145435+094100	1.945	3152	5992	1070	2034	3152	5992	6.48	1	5.0	95500	2.60	3.9033103351402865	0.16905937873970628
J150932+111313	Wolfe_Apr_14_15_2012	J150932+111313	2.11	3128	5992	1005	1926	3128	5992	3.85	1	3.0	95500	2.60	3.9685769225186145	0.19587151455978807
J151224+465233	Pettini_May_7_2007	J151224+465233	3.359	3588	6423	823	1473	3588	6423	10.26	1	4.0	71600	2.60	3.98111565875315	0.8181497516248031
J152144+525449	Sargent_Apr_24_25_26_1998	J152144+525449	1.855	4154	6592	1454	2308	4154	6592	-1.00	2	3.0	143400	2.60	4.021887277300259	0.9235167330087439
J152144+525449	Sargent_Apr_24_25_26_1998	J152144+525449_spec2	1.855	4154	6592	1454	2308	4233	6541	-1.00	2	3.0	143400	2.60	4.0218850956386945	0.9235128544992951
J152156+520238	Sargent_April_7_8_9_2007	J152156+520238	2.208	3102	5982	966	1864	3102	5982	39.92	1	10.0	47700	1.30	4.022737398090085	0.9083381862805666
J154153+315329	Wolfe_Mar_24_25_2008	J154153+315329	2.557	4417	7480	1241	2102	4417	7480	-1.00	1	5.0	47700	1.30	4.109763150697131	0.5565733781189639
J155152+191104	Sargent_April_7_8_9_2007	J155152+191104	2.843	2995	6091	779	1584	3102	5982	17.26	1	6.0	47700	1.30	4.143578177733999	0.3375282544158212
J155152+191104	Steidel_May_25_2009	J155152+191104	2.843	2995	6091	779	1584	2995	5880	85.00	1	12.0	35800	1.30	4.153368747617165	0.33483802329934437
J155152+191104	Sargent_Mar_13_14_15_1999	J155152+191104	2.843	2995	6091	779	1584	3645	6078	99.32	2	15.0	95600	2.60	4.143575996072434	0.33743613981641035
J155152+191104	Sargent_Mar_13_14_15_1999	J155152+191104_spec2	2.843	2995	6091	779	1584	3895	6091	111.36	2	20.0	95600	2.60	4.143571632749304	0.33743032205223705
J155556+480015	Prochaska_Jun_4_2006	J155556+480015	3.298	4018	8565	934	1992	4018	8564	7.62	1	3.0	35800	1.30	4.171108565022644	0.8378365807736179
J155556+480015	Wolfe_July_14_2005	J155556+480015	3.298	4018	8565	934	1992	4078	8565	3.26	1	9.0	35800	1.30	4.171104928920036	0.8378293085684013
J155610+374039	Tytler_Apr_9_1997	J155610+374039	2.658	3247	4775	887	1305	3247	4775	9.73	2	6.0	71700	2.60	4.164144701307187	0.6601174600619332
J155810-003120	Prochaska_Apr_6_2006	J155810-003120	2.827	3335	6201	871	1620	3361	6201	24.07	1	12.0	71600	2.60	4.180804596237994	-0.009122739037438139
J155810-003120	Prochaska_Jun_2_3_2006	J155810-003120	2.827	3335	6201	871	1620	3335	6201	43.25	1	11.0	71600	2.60	4.180811868443212	-0.009094619843933786
J155814+405337	Chaffee_Jun_18_2006	J155814+405337	2.635	3101	5979	853	1644	3101	5979	18.31	1	7.0	71600	2.60	4.181122391605962	0.7137189454590844
J155855+332318	Chaffee_April_20_1998	J155855+332318	1.654	3477	5029	1310	1894	3841	5029	-1.00	2	4.0	95600	2.60	4.175648602739395	0.5851996867337577
J155855+332318	Chaffee_May_18_1998	J155855+332318	1.654	3477	5029	1310	1894	3477	4985	-1.00	2	5.0	95600	2.60	4.175639876093135	0.5852108374484232
J160355+573054	Tytler_April_16_17_18_1999	J160355+573054	2.85	3209	4602	833	1195	3306	4599	52.87	2	8.0	71700	2.60	4.201454022950653	1.0061871619115421
J160355+573054	Tytler_May_10_2000	J160355+573054	2.85	3209	4602	833	1195	3209	4602	21.83	2	7.0	71700	2.60	4.201419843586135	1.0061944341167586
J160413+395121	Wolfe_Apri_27_28_2007	J160413+395121	3.13	4291	8767	1038	2122	4291	8767	11.64	1	6.0	47700	1.30	4.207265969359794	0.6956130937243677
J160455+381201	Sargent_Apr_4_5_2002	J160455+381201	2.551	3105	7053	874	1986	3105	4646	31.67	2	14.0	95600	2.60	4.210286116186266	0.6667002602240383
J160455+381201	Sargent_Apr_4_5_2002	J160455+381201_spec2	2.551	3105	7053	874	1986	3109	4647	30.81	2	15.0	95600	2.60	4.210350838812694	0.6667128653797472
J160455+381201	Sargent_Jun_7_8_2003	J160455+381201	2.551	3105	7053	874	1986	4583	7020	-1.00	2	15.0	95600	2.60	4.210275207878441	0.666720137584964
J160455+381201	Sargent_Jun_7_8_2003	J160455+381201_spec2	2.551	3105	7053	874	1986	4612	7053	-1.00	2	18.0	95600	2.60	4.2102708445553105	0.666720137584964
J160455+381214	Sargent_April_30_May_1_2005	J160455+381214	2.551	3030	5981	853	1684	3125	5981	98.44	1	3.0	47700	1.30	4.210272298996354	0.6667191679576018
J160455+381214	Steidel_May_25_2009	J160455+381214	2.551	3030	5981	853	1684	3030	5879	55.90	1	10.0	35800	1.30	4.210273753437397	0.666724985721775
J160547+511330	Prochaska_April_10_11_2007	J160547+511330	1.786	3118	5975	1119	2144	3118	5975	4.65	1	4.0	47700	1.30	4.214162201566737	0.8939397047652946
J160843+071508	Murphy_Jul_8_2008	J160843+071508	2.877	3078	7586	793	1956	4475	7586	28.91	1	6.0	47700	1.30	4.226889287916383	0.1265819432556132
J160843+071508	Prochaska_April_10_11_2007	J160843+071508	2.877	3078	7586	793	1956	3078	5975	26.86	1	7.0	47700	1.30	4.226910377311511	0.1265067971350412
J160843+071508	Prochaska_April_10_11_2007	J160843+071508_spec2	2.877	3078	7586	793	1956	3078	5975	8.11	1	5.0	102700	1.30	4.226881288490645	0.12658388251033761
J161009+472444	Prochaska_Apr_7_2006	J161009+472444	3.216	3834	8507	909	2017	3928	8507	3.16	1	4.0	47700	1.30	4.233107023376613	0.8275037467881303
J161009+472444	Prochaska_Jun_4_2006	J161009+472444	3.216	3834	8507	909	2017	3834	8356	8.59	1	5.0	35800	1.30	4.23316229213626	0.8275565914793713
J162453+375806	Benn_July_3_2006	J162453+375806	3.38	3561	6591	813	1504	3561	6591	24.15	1	12.0	71600	2.60	4.297465312323382	0.6627136373242747
J162548+264433	Ellison_Jul_3_2006	J162548+264433	2.535	3022	8103	854	2292	5015	8103	-1.00	1	7.0	71600	2.60	4.301249767918124	0.46678346030907236
J162548+264433	Steidel_May_31_Jun_1_2005	J162548+264433	2.535	3022	8103	854	2292	3102	5984	13.76	1	5.0	71600	2.60	4.301368304863155	0.46675388667452467
J162548+264433	Steidel_Sep_24_25_2008	J162548+264433	2.535	3022	8103	854	2292	3022	5896	6.13	1	9.0	47700	1.30	4.301417028638106	0.4667238282262959
J162548+264433	Cowie_May_25_26_1996	J162548+264433	2.535	3022	8103	854	2292	3970	5976	5.77	2	4.0	71700	2.60	4.292434400754509	0.46870089841786056
J162548+264433	Sargent_Aug_20_21_22_1995	J162548+264433	2.535	3022	8103	854	2292	3972	6076	4.40	2	5.0	95600	2.60	4.292446763503377	0.46872126059246716
J162548+264433	Sargent_May_22_23_24_1996	J162548+264433	2.535	3022	8103	854	2292	3883	6076	4.95	2	35.0	95600	2.60	4.292425674108249	0.4687285327976838
J162548+264658	Steidel_May_31_Jun_1_2005	J162548+264658	2.517	3022	6084	859	1729	3101	5983	27.71	1	53.0	71600	2.60	4.301446844679494	0.467481107196189
J162548+264658	Steidel_Sep_24_25_2008	J162548+264658	2.517	3022	6084	859	1729	3022	5896	24.11	1	5.0	47700	1.30	4.301418483079149	0.46746365390366906
J162548+264658	Cowie_May_25_26_1996	J162548+264658	2.517	3022	6084	859	1729	3923	5974	10.51	2	5.0	71700	2.60	4.292436582416074	0.4693830312671816
J162548+264658	Sargent_Aug_20_21_22_1995	J162548+264658	2.517	3022	6084	859	1729	3841	6076	12.23	2	8.0	95600	2.60	4.292507850027197	0.46940727195123716
J162548+264658	Sargent_Aug_20_21_22_1995	J162548+264658_spec2	2.517	3022	6084	859	1729	3859	6084	13.21	2	9.0	95600	2.60	4.292492578396241	0.4694121200880482
J162557+264448	Ellison_Jul_3_2006	J162557+264448	2.601	3102	8123	861	2255	5015	8123	-1.00	1	7.0	71600	2.60	4.302037347743086	0.46685666717491986
J162557+264448	Steidel_May_31_Jun_1_2005	J162557+264448	2.601	3102	8123	861	2255	3102	5983	12.11	1	53.0	71600	2.60	4.302032257199435	0.4668251542856478
J162557+264448	Steidel_Oct_9_10_2005	J162557+264448	2.601	3102	8123	861	2255	3124	5979	9.88	1	4.0	71600	2.60	4.302035166081521	0.46682903279509663
J162557+264448	Sargent_Jul_21_22_1996	J162557+264448	2.601	3102	8123	861	2255	4011	6052	3.06	2	4.0	95600	2.60	4.293101989193397	0.4687721660289837
J162557+264448	Sargent_May_22_23_24_1996	J162557+264448	2.601	3102	8123	861	2255	3971	6076	4.44	2	5.0	95600	2.60	4.29309471698818	0.4687799230478814
J162645+642655	Sargent_April_30_May_1_2005	J162645+642655	2.32	3127	6078	941	1830	3127	5981	57.98	1	4.0	47700	1.30	4.303796494184992	1.1267642029129323
J162645+642655	Sargent_April_7_8_9_2007	J162645+642655	2.32	3127	6078	941	1830	3127	5980	24.30	1	8.0	47700	1.30	4.3037085005018705	1.1267588699624402
J162645+642655	Cowie_Jun_26_27_2001	J162645+642655	2.32	3127	6078	941	1830	3801	6078	17.86	2	8.0	71700	2.60	4.305549095642203	1.1248424014810146
J162645+642655	Sargent_Jul_21_22_1996	J162645+642655	2.32	3127	6078	941	1830	3845	6053	22.10	2	10.0	95600	2.60	4.303798675846557	1.1266968138112583
J162645+642655	Sargent_Jul_21_22_1996	J162645+642655_spec2	2.32	3127	6078	941	1830	3811	6010	8.97	2	10.0	95600	2.60	4.303788494759254	1.1267239633774004
J162902+091322	Wolfe_Apr_14_15_2012	J162902+091322	1.985	3153	5992	1056	2007	3153	5992	6.17	1	6.0	95500	2.60	4.315472746880834	0.16092372035700717
J163412+320335	Cowie_Jun_26_27_2001	J163412+320335	2.343	3903	6077	1167	1817	3903	6077	10.35	2	7.0	71700	2.60	4.338108940058678	0.5595462556115275
J163412+320335	Cowie_Jun_26_27_2001	J163412+320335_spec2	2.343	3903	6077	1167	1817	4547	5993	-1.00	2	8.0	71700	2.60	4.338109667279201	0.5595462556115275
J164656+551446	Tytler_Mar_1_2_2001	J164656+551446	4.05	4541	6076	899	1203	4541	6076	23.20	2	7.0	71700	2.60	4.393579867010188	0.9642536873776539
J170100+641209	Cowie_July_2_3_2005	J170100+641209_spec2	2.734	3060	8125	819	2175	3741	6786	38.42	1	10.0	71600	1.30	4.453547198447148	1.121782742339532
J170100+641209	Cowie_July_2_3_2005	J170100+641209	2.734	3060	8125	819	2175	3571	8125	36.07	1	11.0	71600	1.30	4.4535442895650625	1.1217895297310676
J170100+641209	Sargent_April_30_May_1_2005	J170100+641209	2.734	3060	8125	819	2175	3129	5981	53.23	1	4.0	47700	1.30	4.453467204189765	1.1217735308795909
J170100+641209	Steidel_May_31_Jun_1_2005	J170100+641209	2.734	3060	8125	819	2175	3102	5985	45.75	1	53.0	71600	2.60	4.454971096228568	1.1205634359315415
J170100+641209	Steidel_Sep_24_25_2008	J170100+641209	2.734	3060	8125	819	2175	3060	5896	24.38	1	8.0	35800	1.30	4.455032909972909	1.1205886462429593
J170100+641209	Cowie_May_25_26_1996	J170100+641209	2.734	3060	8125	819	2175	3806	5969	45.70	2	13.0	71700	2.60	4.4535428351240185	1.1217837119668943
J170100+641209	Sargent_Apr_4_5_2002	J170100+641209	2.734	3060	8125	819	2175	3109	4647	21.67	2	6.0	95600	2.60	4.453535562918802	1.1217594712828387
J170100+641209	Sargent_April_13_14_15_1999	J170100+641209	2.734	3060	8125	819	2175	3318	4849	55.72	2	10.0	95600	2.60	4.453534835698281	1.1217851664079377
J170100+641209	Sargent_April_13_14_15_1999	J170100+641209_spec2	2.734	3060	8125	819	2175	3319	4852	26.78	2	11.0	95600	2.60	4.453480294159156	1.1217662586743744
J170100+641209	Sargent_May_22_23_24_1996	J170100+641209	2.734	3060	8125	819	2175	3996	6076	25.44	2	8.0	95600	2.60	4.453554470652365	1.1217851664079377
J170124+514920	Smith_Apr_26_27_1997	J170124+514920	0.292	3159	4660	2445	3606	3159	4660	-1.00	2	9.0	95600	2.60	4.4515138898685755	0.9056814073080863
J170919+281835	Becker_May_18_19_1998	J170919+281835	2.37	3885	6304	1152	1870	3885	6291	3.36	2	4.0	71700	2.60	4.4912863074189175	0.4940930149659725
J170919+281835	Becker_May_18_19_1998	J170919+281835_spec2	2.37	3885	6304	1152	1870	3894	6304	2.83	2	4.0	71700	2.60	4.491287761859961	0.4940959238480592
J171227+575507	Prochaska_Aug_19_20_2006	J171227+575507	3.008	3451	6310	861	1574	3451	6305	23.32	1	11.0	47700	1.30	4.504878058968823	1.0108951875687968
J171227+575507	Prochaska_May_2_3_2005	J171227+575507	3.008	3451	6310	861	1574	3470	6310	30.04	1	10.0	71600	2.60	4.5048584240147385	1.0108733709531468
J171227+575507	Prochaska_Sep_8_9_2004	J171227+575507	3.008	3451	6310	861	1574	3471	6309	15.10	1	2.0	47700	1.30	4.504966052651945	1.0108665835616113
J171938+480412	Tytler_May_10_2000	J171938+480412	1.083	3403	4955	1633	2378	3403	4955	-1.00	2	16.0	71700	2.60	4.530415134807587	0.8398471031091792
J173352+540030	Crighton_Aug_22_2007	J173352+540030	3.424	3735	8543	844	1931	3990	8543	28.66	1	7.0	47700	1.30	4.598379710321289	0.9426290579454442
J173352+540030	Prochaska_May_2_3_2005	J173352+540030	3.424	3735	8543	844	1931	3735	6645	42.42	1	2.0	71600	2.60	4.598269172801997	0.942659601207354
J175603+574848	Murphy_Jul_8_2008	J175603+574848	2.11	3157	8544	1015	2747	4111	7170	-1.00	1	14.0	47700	1.30	4.695225121632368	1.0090490170711315
J175603+574848	Prochaska_Aug_19_20_2006	J175603+574848	2.11	3157	8544	1015	2747	3157	6047	5.13	1	4.0	47700	1.30	4.695140036831333	1.0090679248046948
J175603+574848	Prochaska_Jun_2_3_2006	J175603+574848	2.11	3157	8544	1015	2747	3157	6048	2.67	1	3.0	47700	1.30	4.695079677528035	1.008993748311485
J175603+574848	Prochaska_Sep_8_9_2004	J175603+574848	2.11	3157	8544	1015	2747	3185	6047	2.90	1	3.0	47700	1.30	4.69519094226785	1.0090354422880605
J175603+574848	Wolfe_Oct_3_4_5_2004	J175603+574848	2.11	3157	8544	1015	2747	3970	8544	-1.00	1	5.0	47700	1.30	4.695193851149936	1.0090388359838283
J175746+753916	Chaffee_Jul_13_1997	J175746+753916	3.05	4106	7591	1013	1874	4106	6514	11.98	2	8.0	95600	2.60	4.710486571500016	1.320449207770917
J175746+753916	Chaffee_Jul_13_1997	J175746+753916_spec2	3.05	4106	7591	1013	1874	4127	6543	18.38	2	8.0	95600	2.60	4.710386215068026	1.32045066221196
J175746+753916	Chaffee_Jul_6_1997	J175746+753916	3.05	4106	7591	1013	1874	4106	6513	22.70	2	11.0	95600	2.60	4.710460391561236	1.3204312696647158
J175746+753916	Chaffee_Jul_6_1997	J175746+753916_spec2	3.05	4106	7591	1013	1874	4126	6563	13.08	2	9.0	95600	2.60	4.710453119356019	1.32042884559631
J175746+753916	Wolfe_Sep_20_21_22_1996	J175746+753916	3.05	4106	7591	1013	1874	5170	7591	-1.00	2	9.0	95600	2.60	4.7104843898384505	1.3204472685161923
J182157+642036	Prochaska_Jun_2_3_2006	J182157+642036	0.297	3105	5932	2393	4573	3105	5932	-1.00	1	9.0	102700	1.30	4.8080046617936345	1.1229748991813804
J185230+401906	Sargent_Jul_21_22_1996	J185230+401906	2.12	3806	6190	1219	1983	3806	6190	-1.00	2	4.0	95600	2.60	4.934376680725325	0.7025473838052775
J193957-100241	Crighton_Jul_1_2005	J193957-100241	3.787	3569	6759	745	1411	3569	6618	49.94	1	11.0	47700	1.30	5.148542397134942	-0.17532656519540926
J193957-100241	Tytler_August_10_11_12_2005	J193957-100241	3.787	3569	6759	745	1411	3843	6759	58.27	1	11.0	35800	1.30	5.148514035534597	-0.17530620302080266
J193957-100241	Cowie_Oct_2_3_4_1997	J193957-100241	3.787	3569	6759	745	1411	4018	6405	43.31	2	8.0	71700	2.60	5.148517671637205	-0.17531589929442484
J194455+770552	Cowie_Jun_26_27_2001	J194455+770552	3.02	3470	6396	3470	6396	3926	6362	31.36	2	9.0	71700	2.60	5.177838475850188	1.343430830696552
J194455+770552	Cowie_Jun_26_27_2001	J194455+770552_spec2	3.02	3470	6396	3470	6396	3941	6379	44.42	2	12.0	71700	2.60	5.177914106784441	1.3434385877154498
J194455+770552	Cowie_Oct_18_19_20_21_1998	J194455+770552	3.02	3470	6396	3470	6396	3925	6380	39.76	2	9.0	71700	2.60	5.177870473553141	1.3434468295480286
J194455+770552	Cowie_Oct_18_19_20_21_1998	J194455+770552_spec2	3.02	3470	6396	3470	6396	3984	6396	27.88	2	13.0	71700	2.60	5.177823204219234	1.343487553897242
J194455+770552	Tytler_May_26_29_1998	J194455+770552	3.02	3470	6396	3470	6396	3470	4985	48.80	2	9.0	71700	2.60	5.177718484464114	1.3434458599206665
J194455+770552	Tytler_Oct_27_28_29_1998	J194455+770552	3.02	3470	6396	3470	6396	3488	5039	67.59	2	17.0	71700	2.60	5.177802842044627	1.3434662220952729
J200324-325145	Cowie_July_2_3_2005	J200324-325145	3.783	3565	8300	745	1735	3565	8300	19.91	1	7.0	71600	1.30	5.236899690517155	-0.5760381626018307
J200324-325145	Cowie_July_2_3_2005	J200324-325145_spec2	3.783	3565	8300	745	1735	5217	8300	20.25	1	12.0	71600	1.30	5.236977503112973	-0.5760250726324408
J200324-325145	Cowie_Aug_5_1995	J200324-325145	3.783	3565	8300	745	1735	5386	7835	29.64	2	9.0	71700	2.60	5.236925870455935	-0.5760226485640352
J203642-055300	Wolfe_Jul_14_2005	J203642-055300	2.582	3244	8565	905	2391	4078	8565	3.49	1	9.0	35800	1.30	5.396115169868773	-0.10268838579581081
J203642-055300	Wolfe_Oct_6_2004	J203642-055300	2.582	3244	8565	905	2391	3244	6145	11.70	1	2.0	47700	1.30	5.396137713704944	-0.10269468837366523
J204051-010538	Tytler_Aug_3_4_2002	J204051-010538	2.783	3341	4854	883	1283	3341	4854	9.17	2	5.0	71700	2.60	5.402999039326846	-0.02221367805475783
J210025-064146	Prochaska_Oct_26_28_2005	J210025-064146	3.137	3722	8981	899	2170	3722	6634	4.91	1	3.0	71600	2.60	5.4995884690142995	-0.11687548854611918
J210025-064146	Wolfe_Oct_3_4_5_2004	J210025-064146	3.137	3722	8981	899	2170	4439	8981	26.51	1	4.0	47700	1.30	5.499605195086298	-0.11686967078194586
J210025-064146	Wolfe_Sep_18_2007	J210025-064146	3.137	3722	8981	899	2170	3889	6924	14.61	1	7.0	47700	1.30	5.499603013424734	-0.11687451891875696
J211452+060742	Roth_Nov_11_12_1996	J211452+060742	0.457	3805	5976	2611	4101	3805	5976	-1.00	2	7.0	95600	2.60	5.562655214314593	0.10697413873681912
J212329-005052	Prochaska_Aug_19_20_2006	J212329-005052	2.262	3027	5896	927	1807	3027	5896	37.32	1	7.0	102700	1.30	5.600262696371941	-0.014830935318821816
J212904-160249	Crighton_Aug_22_2007	J212904-160249	2.9	3992	8545	1023	2191	3992	8545	7.06	1	4.0	47700	1.30	5.62465730877117	-0.2800783180180223
J212912-153841	Prochaska_Sep_8_9_2004	J212912-153841	3.268	3571	6422	836	1504	3571	6422	20.66	1	4.0	47700	1.30	5.62520781470607	-0.27305530703346953
J212912-153841	Cowie_Jul_2_3_1995	J212912-153841	3.268	3571	6422	836	1504	3879	6188	42.80	2	10.0	71700	2.60	5.61312213685653	-0.2769178176308692
J213135-120704	Sargent_Aug_20_21_22_1995	J213135-120704	0.501	3841	6076	2558	4047	3841	6076	-1.00	2	14.0	95600	2.60	5.623778826381	-0.2153692663729703
J215502+135826	Djorgovski_Sep_7_8_1999	J215502+135826	4.26	4223	6662	802	1266	4255	6635	10.98	2	4.0	71700	2.60	5.737951721061774	0.24391558073038086
J215502+135826	Djorgovski_Sep_7_8_1999	J215502+135826_spec2	4.26	4223	6662	802	1266	4223	6662	9.03	2	5.0	71700	2.60	5.737892088978998	0.24384964606975
J215502+135826	Djorgovski_Sep_7_8_1999	J215502+135826_spec3	4.26	4223	6662	802	1266	4274	6662	8.35	2	4.0	71700	2.60	5.737909542271518	0.24387000824435656
J220639-181846	Prochaska_Sep_8_9_2004	J220639-181846	2.728	3304	6183	886	1658	3304	6183	12.01	1	4.0	47700	1.30	5.788646990847515	-0.31961972184931603
J220852-194400	Steidel_Sep_24_25_2008	J220852-194400	2.573	3022	6165	845	1725	3022	5896	47.60	1	6.0	35800	1.30	5.798290662185304	-0.344397094649781
J220852-194400	Sargent_Nov_10_11_12_1999	J220852-194400	2.573	3022	6165	845	1725	3909	6165	8.82	2	9.0	95600	2.60	5.786267525300629	-0.3486964223738604
J220852-194400	Sargent_Oct_12_13_14_1999	J220852-194400	2.573	3022	6165	845	1725	3319	4849	22.85	2	7.0	95600	2.60	5.7863024318856695	-0.3486964223738604
J220852-194400	Sargent_Oct_12_13_14_1999	J220852-194400_spec2	2.573	3022	6165	845	1725	3340	4890	23.83	2	8.0	95600	2.60	5.786275524726367	-0.34868575647287603
J221516-294423	Chaffee_July_28_1996	J221516-294423	2.706	3978	5998	1073	1618	3978	5998	6.63	2	10.0	95600	2.60	5.813805184794491	-0.523377700559713
J221527-161132	Sargent_Aug_20_21_22_1995	J221527-161132	3.99	4469	6921	895	1386	4469	6888	5.79	2	6.0	95600	2.60	5.815132362246528	-0.286968490053951
J221527-161132	Sargent_Aug_20_21_22_1995	J221527-161132_spec2	3.99	4469	6921	895	1386	4492	6921	7.86	2	6.0	95600	2.60	5.815093092338358	-0.28696412673082106
J221852-033536	Steidel_Sep_22_23_24_1998	J221852-033536	0.901	3847	5357	2023	2817	3847	5357	-1.00	2	9.0	95600	2.60	5.830554527849463	-0.06714717964735185
J222256-094636	Ellison_Aug_17_18_2006	J222256-094636	2.926	3214	6096	818	1552	3214	6096	15.64	1	10.0	47700	1.30	5.85959753382317	-0.17062775099809566
J222547-045701	Roth_Nov_11_12_1996	J222547-045701	1.403	3722	6078	1548	2529	3722	6078	-1.00	2	3.0	95600	2.60	5.872142087821881	-0.08639282834635709
J223235+024755	Wolfe_Sep_29_30_1997	J223235+024755	2.147	3882	6879	1233	2185	3882	6287	-1.00	2	7.0	71700	2.60	5.8906520317598	0.04435511887103034
J223235+024755	Wolfe_Sep_29_30_1997	J223235+024755_spec2	2.147	3882	6879	1233	2185	4415	6879	-1.00	2	6.0	71700	2.60	5.890688392785884	0.044353179616305895
J223408+000001	Wolfe_Oct_31_Nov_1_1995	J223408+000001	3.027	3976	6409	987	1591	3976	6409	28.23	2	16.0	71700	2.60	5.8974042743034545	-0.004527190154200847
J223619+132620	Sargent_Jul_21_22_1996	J223619+132620	3.295	4898	7304	1140	1700	4898	7303	10.90	2	6.0	95600	2.60	5.90723847741792	0.23005330314641592
J223619+132620	Sargent_Jul_21_22_1996	J223619+132620_spec2	3.295	4898	7304	1140	1700	4899	7304	14.20	2	6.0	95600	2.60	5.907317744454782	0.23001645730665157
J223627+135714	Steidel_Sep_14_15_16_1999	J223627+135714	3.216	4154	6630	985	1572	4154	6630	21.82	2	7.0	95600	2.60	5.918644204079703	0.24354906158746203
J223627+135714	Steidel_Sep_14_15_16_1999	J223627+135714_spec2	3.216	4154	6630	985	1572	4174	6618	20.18	2	7.0	95600	2.60	5.918591844202144	0.24356748450734422
J223953-055219	Cowie_Dec_25_2003	J223953-055219	4.558	4934	8194	887	1474	5735	8194	15.43	2	9.0	95600	2.60	5.922294851098458	-0.10704540634794221
J223953-055219	Sargent_Aug_20_21_22_1995	J223953-055219	4.558	4934	8194	887	1474	4968	7304	30.27	2	8.0	95600	2.60	5.922278852246982	-0.10705558743524551
J223953-055219	Sargent_Aug_20_21_22_1995	J223953-055219_spec2	4.558	4934	8194	887	1474	493	735	26.69	0.0	9.0	95600	2.60	5.922315940493586	-0.10705025448475332
J224030+032130	Lu_Jan_3_4_1998	J224030+032130	1.695	3940	6407	1461	2377	3969	6399	-1.00	2	8.0	95600	2.60	5.936270575083803	0.05861930699663511
J224030+032130	Lu_Jan_3_4_1998	J224030+032130_spec2	1.695	3940	6407	1461	2377	3940	6407	-1.00	2	9.0	95600	2.60	5.936278574509542	0.05860767146828848
J224145+122557	Wolfe_Jul_14_2005	J224145+122557	2.631	4095	8551	1127	2354	4095	8551	5.42	1	7.0	35800	1.30	5.941776361653323	0.21700599736039608
J225409+244523	Tytler_Dec_10_12_13_14_2009	J225409+244523	2.328	3366	6198	1011	1862	3366	6198	5.49	1	5.0	95500	2.60	5.99588738622932	0.43208437552470064
J230301-093930	Tytler_August_10_11_12_2005	J230301-093930	3.454	3837	8352	861	1875	3877	6758	58.51	1	9.0	35800	1.30	6.034579154084471	-0.1685663232260179
J230301-093930	Wolfe_Nov_8_2005	J230301-093930	3.454	3837	8352	861	1875	3837	8352	40.43	1	12.0	71600	2.60	6.034592971274382	-0.16860413869314445
J230444+031145	Sargent_Jul_21_22_1996	J230444+031145	1.052	3340	6050	1627	2948	3843	6050	-1.00	2	15.0	95600	2.60	6.031006319661533	0.05111681528146503
J230444+031145	Sargent_Oct_12_13_14_1999	J230444+031145	1.052	3340	6050	1627	2948	3340	4889	-1.00	2	6.0	95600	2.60	6.030985230266406	0.05107027316807852
J231324+003444	Tytler_Dec_10_12_13_14_2009	J231324+003444	2.083	3176	6038	1030	1958	3176	6038	11.50	1	10.0	95500	2.60	6.079884265363634	0.010108850064814935
J231543+145606	Prochaska_Jun_4_2006	J231543+145606	3.39	3926	7819	894	1781	3926	7785	17.41	1	6.0	71600	2.60	6.089952633486076	0.26053208483672907
J231543+145606	Wolfe_Nov_8_2005	J231543+145606	3.39	3926	7819	894	1781	4797	7819	7.95	1	6.0	71600	2.60	6.090034082184504	0.26071001145769634
J233446-090812	Wolfe_Dec_27_2006	J233446-090812	3.316	3761	8338	871	1931	3761	8338	9.52	1	6.0	47700	1.30	6.173166296118558	-0.15950418589871845
J233446-090812	Wolfe_Sep_18_2007	J233446-090812	3.316	3761	8338	871	1931	4065	7120	30.87	1	5.0	47700	1.30	6.173161205574907	-0.15945812859901304
J233823+150445	Tytler_Dec_10_12_13_14_2009	J233823+150445	2.418	3367	6198	985	1813	3367	6198	8.30	1	6.0	95500	2.60	6.188875713827551	0.26318401567239824
J234023-005327	Prochaska_Aug_19_20_2006	J234023-005327	2.085	3048	6305	988	2043	3048	5896	12.99	1	6.0	47700	1.30	6.197599451205435	-0.015546520312139489
J234023-005327	Wolfe_Oct_31_Nov_1_2003	J234023-005327	2.085	3048	6305	988	2043	3894	6305	-1.00	2	9.0	71700	2.60	6.197594360661784	-0.015547489939501708
J234352+141014	Chaffee_Jul_4_2005	J234352+141014	2.896	3124	6660	801	1709	3296	6151	10.04	1	16.0	71600	2.60	6.212843447780562	0.2473252753496242
J234352+141014	Steidel_Oct_9_10_2005	J234352+141014	2.896	3124	6660	801	1709	3124	5977	8.05	1	6.0	71600	2.60	6.212840538898475	0.24733109311379753
J234352+141014	Wolfe_Dec_26_2006	J234352+141014	2.896	3124	6660	801	1709	3813	6660	6.44	1	13.0	47700	1.30	6.212836902795868	0.2472990954108443
J234451+343348	Wolfe_Oct_3_4_5_2004	J234451+343348	3.01	4306	8912	1073	2222	4306	8912	7.29	1	9.0	47700	1.30	6.2171078689196015	0.6032473608267411
J234451+343348	Wolfe_Oct_31_Nov_1_2003	J234451+343348	3.01	4306	8912	1073	2222	4646	7127	5.40	2	4.0	71700	2.60	6.217088233965518	0.6032381493668001
J234531+090906	Steidel_Oct_29_30_1997	J234531+090906	2.784	3804	6272	1005	1657	3804	6272	5.04	2	5.0	95600	2.60	6.219990571067479	0.15972332168257997
J234628+124859	Murphy_Jul_8_2008	J234628+124859	2.573	3022	8934	845	2500	4476	7587	-1.00	1	9.0	47700	1.30	6.224192451241655	0.22367073103460888
J234628+124859	Steidel_Oct_9_10_2005	J234628+124859	2.573	3022	8934	845	2500	3120	5978	60.43	1	9.0	95500	2.60	6.224158271877137	0.22368866914080993
J234628+124859	Steidel_Sep_24_25_2008	J234628+124859	2.573	3022	8934	845	2500	3022	5896	36.77	1	6.0	35800	1.30	6.224158271877137	0.22368139693559327
J234628+124859	Sargent_Dec_11_12_1996	J234628+124859	2.573	3022	8934	845	2500	6522	8934	-1.00	2	8.0	95600	2.60	6.213034706777759	0.21885459192646672
J234628+124859	Sargent_Oct_17_18_1995	J234628+124859	2.573	3022	8934	845	2500	3861	6065	13.67	2	6.0	95600	2.60	6.213008526838981	0.21882938161504906
J234628+124859	Sargent_Oct_17_18_1995	J234628+124859_spec2	2.573	3022	8934	845	2500	3876	6062	11.39	2	9.0	95600	2.60	6.213007799618458	0.21882647273296238
J234628+124859	Steidel_Sep_22_23_24_1998	J234628+124859	2.573	3022	8934	845	2500	3370	4917	15.16	2	7.0	95600	2.60	6.213041251762454	0.21881338276357243
J234628+124859	Steidel_Sep_22_23_24_1998	J234628+124859_spec2	2.573	3022	8934	845	2500	3575	5117	25.29	2	8.0	95600	2.60	6.213043433424019	0.21881726127302129
J234632+124540	Sargent_Oct_17_18_1995	J234632+124540	2.515	3846	6066	1094	1725	3858	6066	7.64	2	6.0	95600	2.60	6.2143335226294525	0.2178393920782234
J234632+124540	Sargent_Oct_17_18_1995	J234632+124540_spec2	2.515	3846	6066	1094	1725	3846	6064	9.46	2	6.0	95600	2.60	6.2143342498499745	0.2178403617055856
J234856-104131	Chaffee_June_18_2006	J234856-104131	3.172	3102	5980	743	1433	3102	5980	16.52	1	5.0	71600	2.60	6.23493058946455	-0.18661157325059594
J235010+081255	Cowie_Oct_25_26_2001	J235010+081255	1.7	3979	6081	1473	2252	3979	6081	-1.00	2	8.0	71700	2.60	6.240279296401391	0.14338364618814525
J235050+045507	Tytler_Dec_10_12_13_14_2009	J235050+045507	2.593	3368	6198	937	1725	3368	6198	12.84	1	25.0	95500	2.60	6.243209995103698	0.08584498888670332
J235057-005209	Chaffee_Nov_2_1997	J235057-005209	3.025	3897	7494	968	1861	5067	7494	-1.00	2	5.0	71700	2.60	6.232571486092272	-0.02005965086958816
J235057-005209	Cowie_Nov_28_1997	J235057-005209	3.025	3897	7494	968	1861	3897	6308	5.72	2	4.0	95600	2.60	6.243749592730773	-0.015158184553570753
J235057-005209	Wolfe_Nov_8_9_1999	J235057-005209	3.025	3897	7494	968	1861	5062	7487	-1.00	2	7.0	71700	2.60	6.232571486092272	-0.020026683539272713
J235057-005209	Wolfe_Nov_8_9_1999	J235057-005209_spec2	3.025	3897	7494	968	1861	5067	7494	-1.00	2	7.0	71700	2.60	6.23257075887175	-0.02002862279399715
J235129-142756	Wolfe_Sep_20_21_22_1996	J235129-142756	2.933	3846	6296	977	1600	3846	6296	27.99	2	11.0	71700	2.60	6.234847686325081	-0.25733279935508724
J235953-124148	Becker_Dec_26_27_1997	J235953-124148	0.868	4317	7455	2311	3990	5038	7455	-1.00	2	8.0	71700	2.60	6.282700978312158	-0.2216020310573145
J235953-124148	Becker_Dec_26_27_1997	J235953-124148_spec2	0.868	4317	7455	2311	3990	4317	6774	-1.00	2	9.0	71700	2.60	6.282695887768506	-0.22160106142995228
